,asset_bundle,event_type,event_timestamp,auction_type,total_price,created_date,quantity,approved_account,bid_amount,collection_slug,contract_address,custom_event_name,dev_seller_fee_basis_points,duration,ending_price,from_account,id,is_private,owner_account,starting_price,to_account,listing_time,asset.id,asset.num_sales,asset.background_color,asset.image_url,asset.image_preview_url,asset.image_thumbnail_url,asset.image_original_url,asset.animation_url,asset.animation_original_url,asset.name,asset.description,asset.external_link,asset.asset_contract.address,asset.asset_contract.asset_contract_type,asset.asset_contract.created_date,asset.asset_contract.name,asset.asset_contract.nft_version,asset.asset_contract.opensea_version,asset.asset_contract.owner,asset.asset_contract.schema_name,asset.asset_contract.symbol,asset.asset_contract.total_supply,asset.asset_contract.description,asset.asset_contract.external_link,asset.asset_contract.image_url,asset.asset_contract.default_to_fiat,asset.asset_contract.dev_buyer_fee_basis_points,asset.asset_contract.dev_seller_fee_basis_points,asset.asset_contract.only_proxied_transfers,asset.asset_contract.opensea_buyer_fee_basis_points,asset.asset_contract.opensea_seller_fee_basis_points,asset.asset_contract.buyer_fee_basis_points,asset.asset_contract.seller_fee_basis_points,asset.asset_contract.payout_address,asset.permalink,asset.collection.banner_image_url,asset.collection.chat_url,asset.collection.created_date,asset.collection.default_to_fiat,asset.collection.description,asset.collection.dev_buyer_fee_basis_points,asset.collection.dev_seller_fee_basis_points,asset.collection.discord_url,asset.collection.display_data.card_display_style,asset.collection.external_url,asset.collection.featured,asset.collection.featured_image_url,asset.collection.hidden,asset.collection.safelist_request_status,asset.collection.image_url,asset.collection.is_subject_to_whitelist,asset.collection.large_image_url,asset.collection.medium_username,asset.collection.name,asset.collection.only_proxied_transfers,asset.collection.opensea_buyer_fee_basis_points,asset.collection.opensea_seller_fee_basis_points,asset.collection.payout_address,asset.collection.require_email,asset.collection.short_description,asset.collection.slug,asset.collection.telegram_url,asset.collection.twitter_username,asset.collection.instagram_username,asset.collection.wiki_url,asset.collection.is_nsfw,asset.decimals,asset.token_metadata,asset.is_nsfw,asset.owner.user.username,asset.owner.profile_img_url,asset.owner.address,asset.owner.config,asset.token_id,payment_token.symbol,payment_token.address,payment_token.image_url,payment_token.name,payment_token.decimals,payment_token.eth_price,payment_token.usd_price,transaction.block_hash,transaction.block_number,transaction.from_account.user.username,transaction.from_account.profile_img_url,transaction.from_account.address,transaction.from_account.config,transaction.id,transaction.timestamp,transaction.to_account.user.username,transaction.to_account.profile_img_url,transaction.to_account.address,transaction.to_account.config,transaction.transaction_hash,transaction.transaction_index,dev_fee_payment_event.asset,dev_fee_payment_event.asset_bundle,dev_fee_payment_event.event_type,dev_fee_payment_event.event_timestamp,dev_fee_payment_event.auction_type,dev_fee_payment_event.total_price,dev_fee_payment_event.payment_token.symbol,dev_fee_payment_event.payment_token.address,dev_fee_payment_event.payment_token.image_url,dev_fee_payment_event.payment_token.name,dev_fee_payment_event.payment_token.decimals,dev_fee_payment_event.payment_token.eth_price,dev_fee_payment_event.payment_token.usd_price,dev_fee_payment_event.transaction.block_hash,dev_fee_payment_event.transaction.block_number,dev_fee_payment_event.transaction.from_account,dev_fee_payment_event.transaction.id,dev_fee_payment_event.transaction.timestamp,dev_fee_payment_event.transaction.to_account,dev_fee_payment_event.transaction.transaction_hash,dev_fee_payment_event.transaction.transaction_index,dev_fee_payment_event.created_date,dev_fee_payment_event.quantity,seller.user.username,seller.profile_img_url,seller.address,seller.config,winner_account.user.username,winner_account.profile_img_url,winner_account.address,winner_account.config,asset.owner.user
0,,successful,2022-01-13T22:45:33,,2699000000000000000,2022-01-13T22:46:23.683361,1,,,azuki,0x7be8076f4ea4a4ad08075c2508e481d6c946d12b,,500,,,,2875430684,False,,,,2022-01-13T21:05:08,207013631,4,,https://lh3.googleusercontent.com/GP6d5Hj8vD-G85aH5N2O4Q8tR7TrgA32OMtPHUClOgSWCkZ9PaYEtGgqreXgTy1R7_-TAUHTkzq8jCvTwhl9xIpm0sL1Ca6K9yTnrw,https://lh3.googleusercontent.com/GP6d5Hj8vD-G85aH5N2O4Q8tR7TrgA32OMtPHUClOgSWCkZ9PaYEtGgqreXgTy1R7_-TAUHTkzq8jCvTwhl9xIpm0sL1Ca6K9yTnrw=s250,https://lh3.googleusercontent.com/GP6d5Hj8vD-G85aH5N2O4Q8tR7TrgA32OMtPHUClOgSWCkZ9PaYEtGgqreXgTy1R7_-TAUHTkzq8jCvTwhl9xIpm0sL1Ca6K9yTnrw=s128,https://ikzttp.mypinata.cloud/ipfs/QmYDvPAXtiJg7s8JdRBSLWdgSphQdac8j1YuQNNxcGE1hg/9652.png,,,Azuki #9652,,,0xed5af388653567af2f388e6224dc7c4b3241c544,non-fungible,2022-01-10T05:20:15.499138,Azuki,3.0,,443508449,ERC721,AZUKI,0,"Take the red bean to join the garden. View the collection at [azuki.com/gallery](https://azuki.com/gallery).

Azuki starts with a collection of 10,000 avatars that give you membership access to The Garden: a corner of the internet where artists, builders, and web3 enthusiasts meet to create a decentralized future. Azuki holders receive access to exclusive drops, experiences, and more. Visit [azuki.com](https://azuki.com) for more details.

We rise together. We build together. We grow together.",http://www.azuki.com,https://lh3.googleusercontent.com/H8jOCJuQokNqGBpkBN5wk1oZwO7LM8bNnrHCaekV2nKjnCqw6UB5oaH8XyNeBDj6bA_n1mjejzhFQUP3O1NfjFLHr3FOaeHcTOOT=s120,False,0,500,False,0,250,0,750,0xb4d24dacbdffa1bbf9a624044484b3feeb7fdf74,https://opensea.io/assets/ethereum/0xed5af388653567af2f388e6224dc7c4b3241c544/9652,https://lh3.googleusercontent.com/O0XkiR_Z2--OPa_RA6FhXrR16yBOgIJqSLdHTGA0-LAhyzjSYcb3WEPaCYZHeh19JIUEAUazofVKXcY2qOylWCdoeBN6IfGZLJ3I4A=s2500,,2022-01-12T04:18:22.531632,False,"Take the red bean to join the garden. View the collection at [azuki.com/gallery](https://azuki.com/gallery).

Azuki starts with a collection of 10,000 avatars that give you membership access to The Garden: a corner of the internet where artists, builders, and web3 enthusiasts meet to create a decentralized future. Azuki holders receive access to exclusive drops, experiences, and more. Visit [azuki.com](https://azuki.com) for more details.

We rise together. We build together. We grow together.",0,500,https://discord.gg/azuki,contain,http://www.azuki.com,False,,False,verified,https://lh3.googleusercontent.com/H8jOCJuQokNqGBpkBN5wk1oZwO7LM8bNnrHCaekV2nKjnCqw6UB5oaH8XyNeBDj6bA_n1mjejzhFQUP3O1NfjFLHr3FOaeHcTOOT=s120,False,,,Azuki,False,0,250,0xb4d24dacbdffa1bbf9a624044484b3feeb7fdf74,False,,azuki,,,azuki,,False,0,https://ikzttp.mypinata.cloud/ipfs/QmQFkLSQysj94s5GvTHPyzTxrawwtjgiiYS2TBLgrvw8CW/9652,False,,https://storage.googleapis.com/opensea-static/opensea-profile/11.png,0xb61432bafca45a38ba383f945eef3885a5ad6baa,,9652,ETH,0x0000000000000000000000000000000000000000,https://openseauserdata.com/files/6f8e2979d428180222796ff4a33ab929.svg,Ether,18,1.000000000000000,1097.799999999999955000,0xdd0d9f0386c948ec8fcccec5cfbd287c87539a3576a2d903bcc39ac8155e8762,13999934,Let11,https://storage.googleapis.com/opensea-static/opensea-profile/18.png,0x52b9e5b64c31511d7e310094a60c6f6c8480dab7,,247385335,2022-01-13T22:45:33,OpenSea-Orders,https://storage.googleapis.com/opensea-static/opensea-profile/22.png,0x7be8076f4ea4a4ad08075c2508e481d6c946d12b,verified,0xe64b2946baf186267e1bc812c5924eaee0a8be6405e130eff4981fd6b626555f,404,,,payout,2022-01-17T13:13:18,,,ETH,0x0000000000000000000000000000000000000000,https://openseauserdata.com/files/6f8e2979d428180222796ff4a33ab929.svg,Ether,18,1.000000000000000,1097.799999999999955000,0x5c4c459b2d9f1ccf75c722a61e7339ab16390aa91c97029cf628f10e6a8c7ae4,14023240,,250553156,,,0xa4a441c78e81a7ddc92fe708144d608b962439826265762efd601a5232d2d7c3,19,2022-01-17T13:13:30.186845,,0x1234567asdx,https://storage.googleapis.com/opensea-static/opensea-profile/19.png,0x842e2861bd7d401a5b916fe97dde0165d37992fc,,Let11,https://storage.googleapis.com/opensea-static/opensea-profile/18.png,0x52b9e5b64c31511d7e310094a60c6f6c8480dab7,,
1,,successful,2022-01-13T22:44:57,,2690000000000000000,2022-01-13T22:45:28.499966,1,,,azuki,0x7be8076f4ea4a4ad08075c2508e481d6c946d12b,,500,,,,2875420542,False,,,,2022-01-13T20:40:08,206885301,4,,https://lh3.googleusercontent.com/PUoZp6xbzzEtxkCnGjHPojsc5WenQgfkIT_EeUQsgwxG0_6oQpXc_0DFqPTl5QaK7RDUrledMrDEFHa5HoLy9V00aphPzHdLOa64,https://lh3.googleusercontent.com/PUoZp6xbzzEtxkCnGjHPojsc5WenQgfkIT_EeUQsgwxG0_6oQpXc_0DFqPTl5QaK7RDUrledMrDEFHa5HoLy9V00aphPzHdLOa64=s250,https://lh3.googleusercontent.com/PUoZp6xbzzEtxkCnGjHPojsc5WenQgfkIT_EeUQsgwxG0_6oQpXc_0DFqPTl5QaK7RDUrledMrDEFHa5HoLy9V00aphPzHdLOa64=s128,https://ikzttp.mypinata.cloud/ipfs/QmYDvPAXtiJg7s8JdRBSLWdgSphQdac8j1YuQNNxcGE1hg/9513.png,,,Azuki #9513,,,0xed5af388653567af2f388e6224dc7c4b3241c544,non-fungible,2022-01-10T05:20:15.499138,Azuki,3.0,,443508449,ERC721,AZUKI,0,"Take the red bean to join the garden. View the collection at [azuki.com/gallery](https://azuki.com/gallery).

Azuki starts with a collection of 10,000 avatars that give you membership access to The Garden: a corner of the internet where artists, builders, and web3 enthusiasts meet to create a decentralized future. Azuki holders receive access to exclusive drops, experiences, and more. Visit [azuki.com](https://azuki.com) for more details.

We rise together. We build together. We grow together.",http://www.azuki.com,https://lh3.googleusercontent.com/H8jOCJuQokNqGBpkBN5wk1oZwO7LM8bNnrHCaekV2nKjnCqw6UB5oaH8XyNeBDj6bA_n1mjejzhFQUP3O1NfjFLHr3FOaeHcTOOT=s120,False,0,500,False,0,250,0,750,0xb4d24dacbdffa1bbf9a624044484b3feeb7fdf74,https://opensea.io/assets/ethereum/0xed5af388653567af2f388e6224dc7c4b3241c544/9513,https://lh3.googleusercontent.com/O0XkiR_Z2--OPa_RA6FhXrR16yBOgIJqSLdHTGA0-LAhyzjSYcb3WEPaCYZHeh19JIUEAUazofVKXcY2qOylWCdoeBN6IfGZLJ3I4A=s2500,,2022-01-12T04:18:22.531632,False,"Take the red bean to join the garden. View the collection at [azuki.com/gallery](https://azuki.com/gallery).

Azuki starts with a collection of 10,000 avatars that give you membership access to The Garden: a corner of the internet where artists, builders, and web3 enthusiasts meet to create a decentralized future. Azuki holders receive access to exclusive drops, experiences, and more. Visit [azuki.com](https://azuki.com) for more details.

We rise together. We build together. We grow together.",0,500,https://discord.gg/azuki,contain,http://www.azuki.com,False,,False,verified,https://lh3.googleusercontent.com/H8jOCJuQokNqGBpkBN5wk1oZwO7LM8bNnrHCaekV2nKjnCqw6UB5oaH8XyNeBDj6bA_n1mjejzhFQUP3O1NfjFLHr3FOaeHcTOOT=s120,False,,,Azuki,False,0,250,0xb4d24dacbdffa1bbf9a624044484b3feeb7fdf74,False,,azuki,,,azuki,,False,0,https://ikzttp.mypinata.cloud/ipfs/QmQFkLSQysj94s5GvTHPyzTxrawwtjgiiYS2TBLgrvw8CW/9513,False,GK88,https://storage.googleapis.com/opensea-static/opensea-profile/16.png,0xe6df26290e8770109f89656d373408e24f7d16e0,,9513,ETH,0x0000000000000000000000000000000000000000,https://openseauserdata.com/files/6f8e2979d428180222796ff4a33ab929.svg,Ether,18,1.000000000000000,1097.799999999999955000,0x273d84e6c4da7289a93b535ad9ce710002f31f1276d22a9efffbc44f66b8bf89,13999932,Seriously_Dude,https://storage.googleapis.com/opensea-static/opensea-profile/20.png,0x681f35f297751eadee27bbc5b6da0f830c029d29,,247384844,2022-01-13T22:44:57,OpenSea-Orders,https://storage.googleapis.com/opensea-static/opensea-profile/22.png,0x7be8076f4ea4a4ad08075c2508e481d6c946d12b,verified,0x9cd1a913dfcd333a98d367d8921fb5b8566771929eed635b0fa4e1ad2378a6f7,257,,,payout,2022-01-17T13:13:18,,,ETH,0x0000000000000000000000000000000000000000,https://openseauserdata.com/files/6f8e2979d428180222796ff4a33ab929.svg,Ether,18,1.000000000000000,1097.799999999999955000,0x5c4c459b2d9f1ccf75c722a61e7339ab16390aa91c97029cf628f10e6a8c7ae4,14023240,,250553156,,,0xa4a441c78e81a7ddc92fe708144d608b962439826265762efd601a5232d2d7c3,19,2022-01-17T13:13:30.186845,,blank0N1,https://storage.googleapis.com/opensea-static/opensea-profile/18.png,0x21507b0080467a1f940f861e1e6a7e4f167c3608,,Seriously_Dude,https://storage.googleapis.com/opensea-static/opensea-profile/20.png,0x681f35f297751eadee27bbc5b6da0f830c029d29,,
2,,successful,2022-01-13T22:42:36,,2670000000000000000,2022-01-13T22:43:28.247182,1,,,azuki,0x7be8076f4ea4a4ad08075c2508e481d6c946d12b,,500,,,,2875396894,False,,,,2022-01-13T22:38:47,204252993,5,,https://lh3.googleusercontent.com/KoPdReL3KK2tj8bVZoecdcYcxGxTzADc-9XjqoOr7M7ke3DC7p7NkkjfTANFonVoM4ms1g8UH5QyDSntvgQzbx_DJN6eERTlT1A47Q,https://lh3.googleusercontent.com/KoPdReL3KK2tj8bVZoecdcYcxGxTzADc-9XjqoOr7M7ke3DC7p7NkkjfTANFonVoM4ms1g8UH5QyDSntvgQzbx_DJN6eERTlT1A47Q=s250,https://lh3.googleusercontent.com/KoPdReL3KK2tj8bVZoecdcYcxGxTzADc-9XjqoOr7M7ke3DC7p7NkkjfTANFonVoM4ms1g8UH5QyDSntvgQzbx_DJN6eERTlT1A47Q=s128,https://ikzttp.mypinata.cloud/ipfs/QmYDvPAXtiJg7s8JdRBSLWdgSphQdac8j1YuQNNxcGE1hg/4161.png,,,Azuki #4161,,,0xed5af388653567af2f388e6224dc7c4b3241c544,non-fungible,2022-01-10T05:20:15.499138,Azuki,3.0,,443508449,ERC721,AZUKI,0,"Take the red bean to join the garden. View the collection at [azuki.com/gallery](https://azuki.com/gallery).

Azuki starts with a collection of 10,000 avatars that give you membership access to The Garden: a corner of the internet where artists, builders, and web3 enthusiasts meet to create a decentralized future. Azuki holders receive access to exclusive drops, experiences, and more. Visit [azuki.com](https://azuki.com) for more details.

We rise together. We build together. We grow together.",http://www.azuki.com,https://lh3.googleusercontent.com/H8jOCJuQokNqGBpkBN5wk1oZwO7LM8bNnrHCaekV2nKjnCqw6UB5oaH8XyNeBDj6bA_n1mjejzhFQUP3O1NfjFLHr3FOaeHcTOOT=s120,False,0,500,False,0,250,0,750,0xb4d24dacbdffa1bbf9a624044484b3feeb7fdf74,https://opensea.io/assets/ethereum/0xed5af388653567af2f388e6224dc7c4b3241c544/4161,https://lh3.googleusercontent.com/O0XkiR_Z2--OPa_RA6FhXrR16yBOgIJqSLdHTGA0-LAhyzjSYcb3WEPaCYZHeh19JIUEAUazofVKXcY2qOylWCdoeBN6IfGZLJ3I4A=s2500,,2022-01-12T04:18:22.531632,False,"Take the red bean to join the garden. View the collection at [azuki.com/gallery](https://azuki.com/gallery).

Azuki starts with a collection of 10,000 avatars that give you membership access to The Garden: a corner of the internet where artists, builders, and web3 enthusiasts meet to create a decentralized future. Azuki holders receive access to exclusive drops, experiences, and more. Visit [azuki.com](https://azuki.com) for more details.

We rise together. We build together. We grow together.",0,500,https://discord.gg/azuki,contain,http://www.azuki.com,False,,False,verified,https://lh3.googleusercontent.com/H8jOCJuQokNqGBpkBN5wk1oZwO7LM8bNnrHCaekV2nKjnCqw6UB5oaH8XyNeBDj6bA_n1mjejzhFQUP3O1NfjFLHr3FOaeHcTOOT=s120,False,,,Azuki,False,0,250,0xb4d24dacbdffa1bbf9a624044484b3feeb7fdf74,False,,azuki,,,azuki,,False,0,https://ikzttp.mypinata.cloud/ipfs/QmQFkLSQysj94s5GvTHPyzTxrawwtjgiiYS2TBLgrvw8CW/4161,False,Rewkang_Vault,https://storage.googleapis.com/opensea-static/opensea-profile/6.png,0xff3879b8a363aed92a6eaba8f61f1a96a9ec3c1e,,4161,ETH,0x0000000000000000000000000000000000000000,https://openseauserdata.com/files/6f8e2979d428180222796ff4a33ab929.svg,Ether,18,1.000000000000000,1097.799999999999955000,0x62b5eac81f0e16de47d5e0727ea4dba35fdbaa1bd75dd91e81bdad8bb3e80299,13999922,Seriously_Dude,https://storage.googleapis.com/opensea-static/opensea-profile/20.png,0x681f35f297751eadee27bbc5b6da0f830c029d29,,247383730,2022-01-13T22:42:36,OpenSea-Orders,https://storage.googleapis.com/opensea-static/opensea-profile/22.png,0x7be8076f4ea4a4ad08075c2508e481d6c946d12b,verified,0x10673bb7b14b623b997f7ff81450ca9090aa1340d081ceb3ef50606b0e9844e3,217,,,payout,2022-01-17T13:13:18,,,ETH,0x0000000000000000000000000000000000000000,https://openseauserdata.com/files/6f8e2979d428180222796ff4a33ab929.svg,Ether,18,1.000000000000000,1097.799999999999955000,0x5c4c459b2d9f1ccf75c722a61e7339ab16390aa91c97029cf628f10e6a8c7ae4,14023240,,250553156,,,0xa4a441c78e81a7ddc92fe708144d608b962439826265762efd601a5232d2d7c3,19,2022-01-17T13:13:30.186845,,meepstorage,https://storage.googleapis.com/opensea-static/opensea-profile/32.png,0x20a6f27e11edc08d32c21454b4625eecfb22bb21,,Seriously_Dude,https://storage.googleapis.com/opensea-static/opensea-profile/20.png,0x681f35f297751eadee27bbc5b6da0f830c029d29,,
3,,successful,2022-01-13T22:38:56,,2670000000000000000,2022-01-13T22:39:24.806762,1,,,azuki,0x7be8076f4ea4a4ad08075c2508e481d6c946d12b,,500,,,,2875352412,False,,,,2022-01-13T22:32:53,204246504,2,,https://lh3.googleusercontent.com/bpdKFe2GeS1vFomQ-ogQSRTo1R9Egsyf_6857j0_OnAFsz8ifj2K-KtPTKoLhoUz_M-kvN7e58_Dzm6jX-8T-wgv43lUa9lXfepKcw,https://lh3.googleusercontent.com/bpdKFe2GeS1vFomQ-ogQSRTo1R9Egsyf_6857j0_OnAFsz8ifj2K-KtPTKoLhoUz_M-kvN7e58_Dzm6jX-8T-wgv43lUa9lXfepKcw=s250,https://lh3.googleusercontent.com/bpdKFe2GeS1vFomQ-ogQSRTo1R9Egsyf_6857j0_OnAFsz8ifj2K-KtPTKoLhoUz_M-kvN7e58_Dzm6jX-8T-wgv43lUa9lXfepKcw=s128,https://ikzttp.mypinata.cloud/ipfs/QmYDvPAXtiJg7s8JdRBSLWdgSphQdac8j1YuQNNxcGE1hg/2170.png,,,Azuki #2170,,,0xed5af388653567af2f388e6224dc7c4b3241c544,non-fungible,2022-01-10T05:20:15.499138,Azuki,3.0,,443508449,ERC721,AZUKI,0,"Take the red bean to join the garden. View the collection at [azuki.com/gallery](https://azuki.com/gallery).

Azuki starts with a collection of 10,000 avatars that give you membership access to The Garden: a corner of the internet where artists, builders, and web3 enthusiasts meet to create a decentralized future. Azuki holders receive access to exclusive drops, experiences, and more. Visit [azuki.com](https://azuki.com) for more details.

We rise together. We build together. We grow together.",http://www.azuki.com,https://lh3.googleusercontent.com/H8jOCJuQokNqGBpkBN5wk1oZwO7LM8bNnrHCaekV2nKjnCqw6UB5oaH8XyNeBDj6bA_n1mjejzhFQUP3O1NfjFLHr3FOaeHcTOOT=s120,False,0,500,False,0,250,0,750,0xb4d24dacbdffa1bbf9a624044484b3feeb7fdf74,https://opensea.io/assets/ethereum/0xed5af388653567af2f388e6224dc7c4b3241c544/2170,https://lh3.googleusercontent.com/O0XkiR_Z2--OPa_RA6FhXrR16yBOgIJqSLdHTGA0-LAhyzjSYcb3WEPaCYZHeh19JIUEAUazofVKXcY2qOylWCdoeBN6IfGZLJ3I4A=s2500,,2022-01-12T04:18:22.531632,False,"Take the red bean to join the garden. View the collection at [azuki.com/gallery](https://azuki.com/gallery).

Azuki starts with a collection of 10,000 avatars that give you membership access to The Garden: a corner of the internet where artists, builders, and web3 enthusiasts meet to create a decentralized future. Azuki holders receive access to exclusive drops, experiences, and more. Visit [azuki.com](https://azuki.com) for more details.

We rise together. We build together. We grow together.",0,500,https://discord.gg/azuki,contain,http://www.azuki.com,False,,False,verified,https://lh3.googleusercontent.com/H8jOCJuQokNqGBpkBN5wk1oZwO7LM8bNnrHCaekV2nKjnCqw6UB5oaH8XyNeBDj6bA_n1mjejzhFQUP3O1NfjFLHr3FOaeHcTOOT=s120,False,,,Azuki,False,0,250,0xb4d24dacbdffa1bbf9a624044484b3feeb7fdf74,False,,azuki,,,azuki,,False,0,https://ikzttp.mypinata.cloud/ipfs/QmQFkLSQysj94s5GvTHPyzTxrawwtjgiiYS2TBLgrvw8CW/2170,False,TheSnake_Vault,https://storage.googleapis.com/opensea-static/opensea-profile/16.png,0x75d2534a57b87b2ed209019df91f447d6dd282c0,,2170,ETH,0x0000000000000000000000000000000000000000,https://openseauserdata.com/files/6f8e2979d428180222796ff4a33ab929.svg,Ether,18,1.000000000000000,1097.799999999999955000,0x53a47169b23412426d3482ecaa5f18cde933f32d6471910dce8f395708368a83,13999908,KGF_Waifu_Collector,https://storage.googleapis.com/opensea-static/opensea-profile/2.png,0x128b55ff0c075090e1773232cb3fdd8d4e2c45ec,,247381657,2022-01-13T22:38:56,OpenSea-Orders,https://storage.googleapis.com/opensea-static/opensea-profile/22.png,0x7be8076f4ea4a4ad08075c2508e481d6c946d12b,verified,0x4ab116a1106fa58479a28cabecdc4013ab2e7e83a564ab4bef03a8bdfa351775,191,,,payout,2022-01-17T13:13:18,,,ETH,0x0000000000000000000000000000000000000000,https://openseauserdata.com/files/6f8e2979d428180222796ff4a33ab929.svg,Ether,18,1.000000000000000,1097.799999999999955000,0x5c4c459b2d9f1ccf75c722a61e7339ab16390aa91c97029cf628f10e6a8c7ae4,14023240,,250553156,,,0xa4a441c78e81a7ddc92fe708144d608b962439826265762efd601a5232d2d7c3,19,2022-01-17T13:13:30.186845,,AndyVault,https://storage.googleapis.com/opensea-static/opensea-profile/20.png,0x23a3ef33067131973a9d1adfab7fbb2c05530999,,KGF_Waifu_Collector,https://storage.googleapis.com/opensea-static/opensea-profile/2.png,0x128b55ff0c075090e1773232cb3fdd8d4e2c45ec,,
4,,successful,2022-01-13T22:34:53,,2689000000000000000,2022-01-13T22:35:18.095377,1,,,azuki,0x7be8076f4ea4a4ad08075c2508e481d6c946d12b,,500,,,,2875307967,False,,,,2022-01-13T22:26:00,206826628,7,,https://lh3.googleusercontent.com/GKqkc-zfgLlshhu_Jhp2uKKw9Zx4wm3S8qI56Bl_dUJSBZGUY-eA6b2SylR2__87E9N0U53FEnnfynsj5WiSf3INGbRI_19m9FVNDKY,https://lh3.googleusercontent.com/GKqkc-zfgLlshhu_Jhp2uKKw9Zx4wm3S8qI56Bl_dUJSBZGUY-eA6b2SylR2__87E9N0U53FEnnfynsj5WiSf3INGbRI_19m9FVNDKY=s250,https://lh3.googleusercontent.com/GKqkc-zfgLlshhu_Jhp2uKKw9Zx4wm3S8qI56Bl_dUJSBZGUY-eA6b2SylR2__87E9N0U53FEnnfynsj5WiSf3INGbRI_19m9FVNDKY=s128,https://ikzttp.mypinata.cloud/ipfs/QmYDvPAXtiJg7s8JdRBSLWdgSphQdac8j1YuQNNxcGE1hg/8939.png,,,Azuki #8939,,,0xed5af388653567af2f388e6224dc7c4b3241c544,non-fungible,2022-01-10T05:20:15.499138,Azuki,3.0,,443508449,ERC721,AZUKI,0,"Take the red bean to join the garden. View the collection at [azuki.com/gallery](https://azuki.com/gallery).

Azuki starts with a collection of 10,000 avatars that give you membership access to The Garden: a corner of the internet where artists, builders, and web3 enthusiasts meet to create a decentralized future. Azuki holders receive access to exclusive drops, experiences, and more. Visit [azuki.com](https://azuki.com) for more details.

We rise together. We build together. We grow together.",http://www.azuki.com,https://lh3.googleusercontent.com/H8jOCJuQokNqGBpkBN5wk1oZwO7LM8bNnrHCaekV2nKjnCqw6UB5oaH8XyNeBDj6bA_n1mjejzhFQUP3O1NfjFLHr3FOaeHcTOOT=s120,False,0,500,False,0,250,0,750,0xb4d24dacbdffa1bbf9a624044484b3feeb7fdf74,https://opensea.io/assets/ethereum/0xed5af388653567af2f388e6224dc7c4b3241c544/8939,https://lh3.googleusercontent.com/O0XkiR_Z2--OPa_RA6FhXrR16yBOgIJqSLdHTGA0-LAhyzjSYcb3WEPaCYZHeh19JIUEAUazofVKXcY2qOylWCdoeBN6IfGZLJ3I4A=s2500,,2022-01-12T04:18:22.531632,False,"Take the red bean to join the garden. View the collection at [azuki.com/gallery](https://azuki.com/gallery).

Azuki starts with a collection of 10,000 avatars that give you membership access to The Garden: a corner of the internet where artists, builders, and web3 enthusiasts meet to create a decentralized future. Azuki holders receive access to exclusive drops, experiences, and more. Visit [azuki.com](https://azuki.com) for more details.

We rise together. We build together. We grow together.",0,500,https://discord.gg/azuki,contain,http://www.azuki.com,False,,False,verified,https://lh3.googleusercontent.com/H8jOCJuQokNqGBpkBN5wk1oZwO7LM8bNnrHCaekV2nKjnCqw6UB5oaH8XyNeBDj6bA_n1mjejzhFQUP3O1NfjFLHr3FOaeHcTOOT=s120,False,,,Azuki,False,0,250,0xb4d24dacbdffa1bbf9a624044484b3feeb7fdf74,False,,azuki,,,azuki,,False,0,https://ikzttp.mypinata.cloud/ipfs/QmQFkLSQysj94s5GvTHPyzTxrawwtjgiiYS2TBLgrvw8CW/8939,False,,https://storage.googleapis.com/opensea-static/opensea-profile/28.png,0xbeadbf314a7b17140f5964249803d649d5491c8a,,8939,ETH,0x0000000000000000000000000000000000000000,https://openseauserdata.com/files/6f8e2979d428180222796ff4a33ab929.svg,Ether,18,1.000000000000000,1097.799999999999955000,0x4ef531ab71b76f0bf4a506b0600ba3ed3ea9826588c988fadee58dc7eece0f36,13999893,moonman007,https://storage.googleapis.com/opensea-static/opensea-profile/28.png,0xeac2c046aeb93a02685581d800b686d6a704a961,,247379646,2022-01-13T22:34:53,OpenSea-Orders,https://storage.googleapis.com/opensea-static/opensea-profile/22.png,0x7be8076f4ea4a4ad08075c2508e481d6c946d12b,verified,0xc37dd313828503d28daca7abbefea977322fd7e83984f6cc336ac63c48d40da4,197,,,payout,2022-01-17T13:13:18,,,ETH,0x0000000000000000000000000000000000000000,https://openseauserdata.com/files/6f8e2979d428180222796ff4a33ab929.svg,Ether,18,1.000000000000000,1097.799999999999955000,0x5c4c459b2d9f1ccf75c722a61e7339ab16390aa91c97029cf628f10e6a8c7ae4,14023240,,250553156,,,0xa4a441c78e81a7ddc92fe708144d608b962439826265762efd601a5232d2d7c3,19,2022-01-17T13:13:30.186845,,arnv,https://storage.googleapis.com/opensea-static/opensea-profile/4.png,0xdf165941f3330d53779df3b0b34b52adacad6cc2,,moonman007,https://storage.googleapis.com/opensea-static/opensea-profile/28.png,0xeac2c046aeb93a02685581d800b686d6a704a961,,
5,,successful,2022-01-13T22:34:30,,2679000000000000000,2022-01-13T22:34:52.618189,1,,,azuki,0x7be8076f4ea4a4ad08075c2508e481d6c946d12b,,500,,,,2875303609,False,,,,2022-01-13T22:29:33,204252665,5,,https://lh3.googleusercontent.com/g2gxP97oRpDVEIDRCTrcjXWcHCyZ2E-ch-HHeliiu_7nsSnlFy5dKACLT3SW7Z2EVP59rR9p_IJScmH3g3qiA4Q_61PUMw4Ywl8j,https://lh3.googleusercontent.com/g2gxP97oRpDVEIDRCTrcjXWcHCyZ2E-ch-HHeliiu_7nsSnlFy5dKACLT3SW7Z2EVP59rR9p_IJScmH3g3qiA4Q_61PUMw4Ywl8j=s250,https://lh3.googleusercontent.com/g2gxP97oRpDVEIDRCTrcjXWcHCyZ2E-ch-HHeliiu_7nsSnlFy5dKACLT3SW7Z2EVP59rR9p_IJScmH3g3qiA4Q_61PUMw4Ywl8j=s128,https://ikzttp.mypinata.cloud/ipfs/QmYDvPAXtiJg7s8JdRBSLWdgSphQdac8j1YuQNNxcGE1hg/4047.png,,,Azuki #4047,,,0xed5af388653567af2f388e6224dc7c4b3241c544,non-fungible,2022-01-10T05:20:15.499138,Azuki,3.0,,443508449,ERC721,AZUKI,0,"Take the red bean to join the garden. View the collection at [azuki.com/gallery](https://azuki.com/gallery).

Azuki starts with a collection of 10,000 avatars that give you membership access to The Garden: a corner of the internet where artists, builders, and web3 enthusiasts meet to create a decentralized future. Azuki holders receive access to exclusive drops, experiences, and more. Visit [azuki.com](https://azuki.com) for more details.

We rise together. We build together. We grow together.",http://www.azuki.com,https://lh3.googleusercontent.com/H8jOCJuQokNqGBpkBN5wk1oZwO7LM8bNnrHCaekV2nKjnCqw6UB5oaH8XyNeBDj6bA_n1mjejzhFQUP3O1NfjFLHr3FOaeHcTOOT=s120,False,0,500,False,0,250,0,750,0xb4d24dacbdffa1bbf9a624044484b3feeb7fdf74,https://opensea.io/assets/ethereum/0xed5af388653567af2f388e6224dc7c4b3241c544/4047,https://lh3.googleusercontent.com/O0XkiR_Z2--OPa_RA6FhXrR16yBOgIJqSLdHTGA0-LAhyzjSYcb3WEPaCYZHeh19JIUEAUazofVKXcY2qOylWCdoeBN6IfGZLJ3I4A=s2500,,2022-01-12T04:18:22.531632,False,"Take the red bean to join the garden. View the collection at [azuki.com/gallery](https://azuki.com/gallery).

Azuki starts with a collection of 10,000 avatars that give you membership access to The Garden: a corner of the internet where artists, builders, and web3 enthusiasts meet to create a decentralized future. Azuki holders receive access to exclusive drops, experiences, and more. Visit [azuki.com](https://azuki.com) for more details.

We rise together. We build together. We grow together.",0,500,https://discord.gg/azuki,contain,http://www.azuki.com,False,,False,verified,https://lh3.googleusercontent.com/H8jOCJuQokNqGBpkBN5wk1oZwO7LM8bNnrHCaekV2nKjnCqw6UB5oaH8XyNeBDj6bA_n1mjejzhFQUP3O1NfjFLHr3FOaeHcTOOT=s120,False,,,Azuki,False,0,250,0xb4d24dacbdffa1bbf9a624044484b3feeb7fdf74,False,,azuki,,,azuki,,False,0,https://ikzttp.mypinata.cloud/ipfs/QmQFkLSQysj94s5GvTHPyzTxrawwtjgiiYS2TBLgrvw8CW/4047,False,Cedd2,https://storage.googleapis.com/opensea-static/opensea-profile/26.png,0x1d5e42f1d4c5a4a217f76f474a23b67945c8cedd,,4047,ETH,0x0000000000000000000000000000000000000000,https://openseauserdata.com/files/6f8e2979d428180222796ff4a33ab929.svg,Ether,18,1.000000000000000,1097.799999999999955000,0xaa17180faa4a1fdff53a86c2a91b32edd361bc9dd9ca7a637530eac7759d011d,13999891,Seriously_Dude,https://storage.googleapis.com/opensea-static/opensea-profile/20.png,0x681f35f297751eadee27bbc5b6da0f830c029d29,,247379356,2022-01-13T22:34:30,OpenSea-Orders,https://storage.googleapis.com/opensea-static/opensea-profile/22.png,0x7be8076f4ea4a4ad08075c2508e481d6c946d12b,verified,0x93ff6839842c0d3e10fc58214202b44056bed771cd8eea1b40c53cd0c0c9a72e,345,,,payout,2022-01-17T13:13:18,,,ETH,0x0000000000000000000000000000000000000000,https://openseauserdata.com/files/6f8e2979d428180222796ff4a33ab929.svg,Ether,18,1.000000000000000,1097.799999999999955000,0x5c4c459b2d9f1ccf75c722a61e7339ab16390aa91c97029cf628f10e6a8c7ae4,14023240,,250553156,,,0xa4a441c78e81a7ddc92fe708144d608b962439826265762efd601a5232d2d7c3,19,2022-01-17T13:13:30.186845,,deeez_Nftz,https://storage.googleapis.com/opensea-static/opensea-profile/13.png,0xd7192081e5f481364c190022f0012a729fba37a5,,Seriously_Dude,https://storage.googleapis.com/opensea-static/opensea-profile/20.png,0x681f35f297751eadee27bbc5b6da0f830c029d29,,
6,,successful,2022-01-13T22:33:50,,2680000000000000000,2022-01-13T22:34:22.310277,1,,,azuki,0x7be8076f4ea4a4ad08075c2508e481d6c946d12b,,500,,,,2875298467,False,,,,2022-01-13T21:47:54,204252624,4,,https://lh3.googleusercontent.com/TdRnYDvPZbOECrdIortTevm3CHHjO3eJyrv8C5k0f8Zt8ZRr_FvftVbOeqNyw-FUgXZDI8undMi_nUQ1fJ1cvbuE4VewRxTPncIbpg,https://lh3.googleusercontent.com/TdRnYDvPZbOECrdIortTevm3CHHjO3eJyrv8C5k0f8Zt8ZRr_FvftVbOeqNyw-FUgXZDI8undMi_nUQ1fJ1cvbuE4VewRxTPncIbpg=s250,https://lh3.googleusercontent.com/TdRnYDvPZbOECrdIortTevm3CHHjO3eJyrv8C5k0f8Zt8ZRr_FvftVbOeqNyw-FUgXZDI8undMi_nUQ1fJ1cvbuE4VewRxTPncIbpg=s128,https://ikzttp.mypinata.cloud/ipfs/QmYDvPAXtiJg7s8JdRBSLWdgSphQdac8j1YuQNNxcGE1hg/3950.png,,,Azuki #3950,,,0xed5af388653567af2f388e6224dc7c4b3241c544,non-fungible,2022-01-10T05:20:15.499138,Azuki,3.0,,443508449,ERC721,AZUKI,0,"Take the red bean to join the garden. View the collection at [azuki.com/gallery](https://azuki.com/gallery).

Azuki starts with a collection of 10,000 avatars that give you membership access to The Garden: a corner of the internet where artists, builders, and web3 enthusiasts meet to create a decentralized future. Azuki holders receive access to exclusive drops, experiences, and more. Visit [azuki.com](https://azuki.com) for more details.

We rise together. We build together. We grow together.",http://www.azuki.com,https://lh3.googleusercontent.com/H8jOCJuQokNqGBpkBN5wk1oZwO7LM8bNnrHCaekV2nKjnCqw6UB5oaH8XyNeBDj6bA_n1mjejzhFQUP3O1NfjFLHr3FOaeHcTOOT=s120,False,0,500,False,0,250,0,750,0xb4d24dacbdffa1bbf9a624044484b3feeb7fdf74,https://opensea.io/assets/ethereum/0xed5af388653567af2f388e6224dc7c4b3241c544/3950,https://lh3.googleusercontent.com/O0XkiR_Z2--OPa_RA6FhXrR16yBOgIJqSLdHTGA0-LAhyzjSYcb3WEPaCYZHeh19JIUEAUazofVKXcY2qOylWCdoeBN6IfGZLJ3I4A=s2500,,2022-01-12T04:18:22.531632,False,"Take the red bean to join the garden. View the collection at [azuki.com/gallery](https://azuki.com/gallery).

Azuki starts with a collection of 10,000 avatars that give you membership access to The Garden: a corner of the internet where artists, builders, and web3 enthusiasts meet to create a decentralized future. Azuki holders receive access to exclusive drops, experiences, and more. Visit [azuki.com](https://azuki.com) for more details.

We rise together. We build together. We grow together.",0,500,https://discord.gg/azuki,contain,http://www.azuki.com,False,,False,verified,https://lh3.googleusercontent.com/H8jOCJuQokNqGBpkBN5wk1oZwO7LM8bNnrHCaekV2nKjnCqw6UB5oaH8XyNeBDj6bA_n1mjejzhFQUP3O1NfjFLHr3FOaeHcTOOT=s120,False,,,Azuki,False,0,250,0xb4d24dacbdffa1bbf9a624044484b3feeb7fdf74,False,,azuki,,,azuki,,False,0,https://ikzttp.mypinata.cloud/ipfs/QmQFkLSQysj94s5GvTHPyzTxrawwtjgiiYS2TBLgrvw8CW/3950,False,ItsNotAVault,https://storage.googleapis.com/opensea-static/opensea-profile/16.png,0xfaa38e13d06e69ec8466c539a06f94934af4c782,,3950,ETH,0x0000000000000000000000000000000000000000,https://openseauserdata.com/files/6f8e2979d428180222796ff4a33ab929.svg,Ether,18,1.000000000000000,1097.799999999999955000,0x5cb9ecce686be93b58607b731b51c2da067299705c4c77f42f1db2fb5b4cbdf5,13999889,Seriously_Dude,https://storage.googleapis.com/opensea-static/opensea-profile/20.png,0x681f35f297751eadee27bbc5b6da0f830c029d29,,247379134,2022-01-13T22:33:50,OpenSea-Orders,https://storage.googleapis.com/opensea-static/opensea-profile/22.png,0x7be8076f4ea4a4ad08075c2508e481d6c946d12b,verified,0x1c5911b0c13d1a8ee48fa1a417b396a4d964089e9c5cb8e84b369cc489323f52,343,,,payout,2022-01-17T13:13:18,,,ETH,0x0000000000000000000000000000000000000000,https://openseauserdata.com/files/6f8e2979d428180222796ff4a33ab929.svg,Ether,18,1.000000000000000,1097.799999999999955000,0x5c4c459b2d9f1ccf75c722a61e7339ab16390aa91c97029cf628f10e6a8c7ae4,14023240,,250553156,,,0xa4a441c78e81a7ddc92fe708144d608b962439826265762efd601a5232d2d7c3,19,2022-01-17T13:13:30.186845,,22jk,https://storage.googleapis.com/opensea-static/opensea-profile/11.png,0x744323c3961c22cf4e413fcaafdd2006443c3536,,Seriously_Dude,https://storage.googleapis.com/opensea-static/opensea-profile/20.png,0x681f35f297751eadee27bbc5b6da0f830c029d29,,
7,,successful,2022-01-13T22:30:18,,2650000000000000000,2022-01-13T22:30:59.431772,1,,,azuki,0x7be8076f4ea4a4ad08075c2508e481d6c946d12b,,500,,,,2875265507,False,,,,2022-01-13T21:21:52,204242573,4,,https://lh3.googleusercontent.com/XQ_VH0oFS9hqpBW5BZXioXXdjJ1PrtZGLdIZ9WzLooIRYC-u1gc-2CPws0aVeqvfgMXxh2XstLTU2rOYgNbJC_ZO7bhSInpKbPvc,https://lh3.googleusercontent.com/XQ_VH0oFS9hqpBW5BZXioXXdjJ1PrtZGLdIZ9WzLooIRYC-u1gc-2CPws0aVeqvfgMXxh2XstLTU2rOYgNbJC_ZO7bhSInpKbPvc=s250,https://lh3.googleusercontent.com/XQ_VH0oFS9hqpBW5BZXioXXdjJ1PrtZGLdIZ9WzLooIRYC-u1gc-2CPws0aVeqvfgMXxh2XstLTU2rOYgNbJC_ZO7bhSInpKbPvc=s128,https://ikzttp.mypinata.cloud/ipfs/QmYDvPAXtiJg7s8JdRBSLWdgSphQdac8j1YuQNNxcGE1hg/1524.png,,,Azuki #1524,,,0xed5af388653567af2f388e6224dc7c4b3241c544,non-fungible,2022-01-10T05:20:15.499138,Azuki,3.0,,443508449,ERC721,AZUKI,0,"Take the red bean to join the garden. View the collection at [azuki.com/gallery](https://azuki.com/gallery).

Azuki starts with a collection of 10,000 avatars that give you membership access to The Garden: a corner of the internet where artists, builders, and web3 enthusiasts meet to create a decentralized future. Azuki holders receive access to exclusive drops, experiences, and more. Visit [azuki.com](https://azuki.com) for more details.

We rise together. We build together. We grow together.",http://www.azuki.com,https://lh3.googleusercontent.com/H8jOCJuQokNqGBpkBN5wk1oZwO7LM8bNnrHCaekV2nKjnCqw6UB5oaH8XyNeBDj6bA_n1mjejzhFQUP3O1NfjFLHr3FOaeHcTOOT=s120,False,0,500,False,0,250,0,750,0xb4d24dacbdffa1bbf9a624044484b3feeb7fdf74,https://opensea.io/assets/ethereum/0xed5af388653567af2f388e6224dc7c4b3241c544/1524,https://lh3.googleusercontent.com/O0XkiR_Z2--OPa_RA6FhXrR16yBOgIJqSLdHTGA0-LAhyzjSYcb3WEPaCYZHeh19JIUEAUazofVKXcY2qOylWCdoeBN6IfGZLJ3I4A=s2500,,2022-01-12T04:18:22.531632,False,"Take the red bean to join the garden. View the collection at [azuki.com/gallery](https://azuki.com/gallery).

Azuki starts with a collection of 10,000 avatars that give you membership access to The Garden: a corner of the internet where artists, builders, and web3 enthusiasts meet to create a decentralized future. Azuki holders receive access to exclusive drops, experiences, and more. Visit [azuki.com](https://azuki.com) for more details.

We rise together. We build together. We grow together.",0,500,https://discord.gg/azuki,contain,http://www.azuki.com,False,,False,verified,https://lh3.googleusercontent.com/H8jOCJuQokNqGBpkBN5wk1oZwO7LM8bNnrHCaekV2nKjnCqw6UB5oaH8XyNeBDj6bA_n1mjejzhFQUP3O1NfjFLHr3FOaeHcTOOT=s120,False,,,Azuki,False,0,250,0xb4d24dacbdffa1bbf9a624044484b3feeb7fdf74,False,,azuki,,,azuki,,False,0,https://ikzttp.mypinata.cloud/ipfs/QmQFkLSQysj94s5GvTHPyzTxrawwtjgiiYS2TBLgrvw8CW/1524,False,Icedcoffeevaulted,https://storage.googleapis.com/opensea-static/opensea-profile/14.png,0xb0e59b0cf8f705f94c3d523aebbf8d4703a24fad,,1524,ETH,0x0000000000000000000000000000000000000000,https://openseauserdata.com/files/6f8e2979d428180222796ff4a33ab929.svg,Ether,18,1.000000000000000,1097.799999999999955000,0xc070447cb7b578f95fc1bbdaa59026b8bd4f1086ce45f5fcd1de9256fedecb13,13999873,goelvault7890,https://storage.googleapis.com/opensea-static/opensea-profile/11.png,0x0298e3ffb5b04b1358adfacf162fc649f4715d2b,,247377124,2022-01-13T22:30:18,OpenSea-Orders,https://storage.googleapis.com/opensea-static/opensea-profile/22.png,0x7be8076f4ea4a4ad08075c2508e481d6c946d12b,verified,0x84e1921677e1df4663a61b410ac16e6bd2b682e4da0499f23514460caea9efdd,255,,,payout,2022-01-17T13:13:18,,,ETH,0x0000000000000000000000000000000000000000,https://openseauserdata.com/files/6f8e2979d428180222796ff4a33ab929.svg,Ether,18,1.000000000000000,1097.799999999999955000,0x5c4c459b2d9f1ccf75c722a61e7339ab16390aa91c97029cf628f10e6a8c7ae4,14023240,,250553156,,,0xa4a441c78e81a7ddc92fe708144d608b962439826265762efd601a5232d2d7c3,19,2022-01-17T13:13:30.186845,,,https://storage.googleapis.com/opensea-static/opensea-profile/10.png,0x4949338bb2586b9e99b6fb48f3ce8f3cd88a5aac,,goelvault7890,https://storage.googleapis.com/opensea-static/opensea-profile/11.png,0x0298e3ffb5b04b1358adfacf162fc649f4715d2b,,
8,,successful,2022-01-13T22:27:30,,2640000000000000000,2022-01-13T22:27:52.758228,1,,,azuki,0x7be8076f4ea4a4ad08075c2508e481d6c946d12b,,500,,,,2875230066,False,,,,2022-01-13T21:07:54,206831653,5,,https://lh3.googleusercontent.com/1isFyCRNFeewHLr4MRiiwc2xVPL8HoknL8-dBCfwR17u6NQvEevWhNxwcTyIK--cOyPJPSsY_RAYFHlYAtcS-wp5H7_tbz8QhQ0t,https://lh3.googleusercontent.com/1isFyCRNFeewHLr4MRiiwc2xVPL8HoknL8-dBCfwR17u6NQvEevWhNxwcTyIK--cOyPJPSsY_RAYFHlYAtcS-wp5H7_tbz8QhQ0t=s250,https://lh3.googleusercontent.com/1isFyCRNFeewHLr4MRiiwc2xVPL8HoknL8-dBCfwR17u6NQvEevWhNxwcTyIK--cOyPJPSsY_RAYFHlYAtcS-wp5H7_tbz8QhQ0t=s128,https://ikzttp.mypinata.cloud/ipfs/QmYDvPAXtiJg7s8JdRBSLWdgSphQdac8j1YuQNNxcGE1hg/9113.png,,,Azuki #9113,,,0xed5af388653567af2f388e6224dc7c4b3241c544,non-fungible,2022-01-10T05:20:15.499138,Azuki,3.0,,443508449,ERC721,AZUKI,0,"Take the red bean to join the garden. View the collection at [azuki.com/gallery](https://azuki.com/gallery).

Azuki starts with a collection of 10,000 avatars that give you membership access to The Garden: a corner of the internet where artists, builders, and web3 enthusiasts meet to create a decentralized future. Azuki holders receive access to exclusive drops, experiences, and more. Visit [azuki.com](https://azuki.com) for more details.

We rise together. We build together. We grow together.",http://www.azuki.com,https://lh3.googleusercontent.com/H8jOCJuQokNqGBpkBN5wk1oZwO7LM8bNnrHCaekV2nKjnCqw6UB5oaH8XyNeBDj6bA_n1mjejzhFQUP3O1NfjFLHr3FOaeHcTOOT=s120,False,0,500,False,0,250,0,750,0xb4d24dacbdffa1bbf9a624044484b3feeb7fdf74,https://opensea.io/assets/ethereum/0xed5af388653567af2f388e6224dc7c4b3241c544/9113,https://lh3.googleusercontent.com/O0XkiR_Z2--OPa_RA6FhXrR16yBOgIJqSLdHTGA0-LAhyzjSYcb3WEPaCYZHeh19JIUEAUazofVKXcY2qOylWCdoeBN6IfGZLJ3I4A=s2500,,2022-01-12T04:18:22.531632,False,"Take the red bean to join the garden. View the collection at [azuki.com/gallery](https://azuki.com/gallery).

Azuki starts with a collection of 10,000 avatars that give you membership access to The Garden: a corner of the internet where artists, builders, and web3 enthusiasts meet to create a decentralized future. Azuki holders receive access to exclusive drops, experiences, and more. Visit [azuki.com](https://azuki.com) for more details.

We rise together. We build together. We grow together.",0,500,https://discord.gg/azuki,contain,http://www.azuki.com,False,,False,verified,https://lh3.googleusercontent.com/H8jOCJuQokNqGBpkBN5wk1oZwO7LM8bNnrHCaekV2nKjnCqw6UB5oaH8XyNeBDj6bA_n1mjejzhFQUP3O1NfjFLHr3FOaeHcTOOT=s120,False,,,Azuki,False,0,250,0xb4d24dacbdffa1bbf9a624044484b3feeb7fdf74,False,,azuki,,,azuki,,False,0,https://ikzttp.mypinata.cloud/ipfs/QmQFkLSQysj94s5GvTHPyzTxrawwtjgiiYS2TBLgrvw8CW/9113,False,,https://storage.googleapis.com/opensea-static/opensea-profile/30.png,0x1ac520a95315c93ffd52adfe87cd712cd94dfb97,,9113,ETH,0x0000000000000000000000000000000000000000,https://openseauserdata.com/files/6f8e2979d428180222796ff4a33ab929.svg,Ether,18,1.000000000000000,1097.799999999999955000,0x7bb39e938854da5da23300ed118ba25066f299a3c3b994cc768c45037e00188e,13999852,87G1278,https://storage.googleapis.com/opensea-static/opensea-profile/20.png,0x729c225cade5cac55ed3317a8ca3ab3d7410b1a0,,247374977,2022-01-13T22:27:30,OpenSea-Orders,https://storage.googleapis.com/opensea-static/opensea-profile/22.png,0x7be8076f4ea4a4ad08075c2508e481d6c946d12b,verified,0x3a8e39780d5e7fd59cb34286b745ea51d1526987fd93571280ae43887775b256,54,,,payout,2022-01-17T13:13:18,,,ETH,0x0000000000000000000000000000000000000000,https://openseauserdata.com/files/6f8e2979d428180222796ff4a33ab929.svg,Ether,18,1.000000000000000,1097.799999999999955000,0x5c4c459b2d9f1ccf75c722a61e7339ab16390aa91c97029cf628f10e6a8c7ae4,14023240,,250553156,,,0xa4a441c78e81a7ddc92fe708144d608b962439826265762efd601a5232d2d7c3,19,2022-01-17T13:13:30.186845,,wahaha123,https://storage.googleapis.com/opensea-static/opensea-profile/10.png,0xd7bdea2ed37f9b592c02101cb180e7b45872897f,,87G1278,https://storage.googleapis.com/opensea-static/opensea-profile/20.png,0x729c225cade5cac55ed3317a8ca3ab3d7410b1a0,,
9,,successful,2022-01-13T22:23:16,,2650000000000000000,2022-01-13T22:23:43.457379,1,,,azuki,0x7be8076f4ea4a4ad08075c2508e481d6c946d12b,,500,,,,2875182236,False,,,,2022-01-13T21:15:41,204257797,2,,https://lh3.googleusercontent.com/ao83_2FcPlBrMzVgoRZWXbMB2Nb_obgSz8BkMtdtguxmQ9ff_ST5M491FhvCODZuoQXBXzMlGQOCQsc_K6PsiLc5xEt8qyttNFPSRQA,https://lh3.googleusercontent.com/ao83_2FcPlBrMzVgoRZWXbMB2Nb_obgSz8BkMtdtguxmQ9ff_ST5M491FhvCODZuoQXBXzMlGQOCQsc_K6PsiLc5xEt8qyttNFPSRQA=s250,https://lh3.googleusercontent.com/ao83_2FcPlBrMzVgoRZWXbMB2Nb_obgSz8BkMtdtguxmQ9ff_ST5M491FhvCODZuoQXBXzMlGQOCQsc_K6PsiLc5xEt8qyttNFPSRQA=s128,https://ikzttp.mypinata.cloud/ipfs/QmYDvPAXtiJg7s8JdRBSLWdgSphQdac8j1YuQNNxcGE1hg/5588.png,,,Azuki #5588,,,0xed5af388653567af2f388e6224dc7c4b3241c544,non-fungible,2022-01-10T05:20:15.499138,Azuki,3.0,,443508449,ERC721,AZUKI,0,"Take the red bean to join the garden. View the collection at [azuki.com/gallery](https://azuki.com/gallery).

Azuki starts with a collection of 10,000 avatars that give you membership access to The Garden: a corner of the internet where artists, builders, and web3 enthusiasts meet to create a decentralized future. Azuki holders receive access to exclusive drops, experiences, and more. Visit [azuki.com](https://azuki.com) for more details.

We rise together. We build together. We grow together.",http://www.azuki.com,https://lh3.googleusercontent.com/H8jOCJuQokNqGBpkBN5wk1oZwO7LM8bNnrHCaekV2nKjnCqw6UB5oaH8XyNeBDj6bA_n1mjejzhFQUP3O1NfjFLHr3FOaeHcTOOT=s120,False,0,500,False,0,250,0,750,0xb4d24dacbdffa1bbf9a624044484b3feeb7fdf74,https://opensea.io/assets/ethereum/0xed5af388653567af2f388e6224dc7c4b3241c544/5588,https://lh3.googleusercontent.com/O0XkiR_Z2--OPa_RA6FhXrR16yBOgIJqSLdHTGA0-LAhyzjSYcb3WEPaCYZHeh19JIUEAUazofVKXcY2qOylWCdoeBN6IfGZLJ3I4A=s2500,,2022-01-12T04:18:22.531632,False,"Take the red bean to join the garden. View the collection at [azuki.com/gallery](https://azuki.com/gallery).

Azuki starts with a collection of 10,000 avatars that give you membership access to The Garden: a corner of the internet where artists, builders, and web3 enthusiasts meet to create a decentralized future. Azuki holders receive access to exclusive drops, experiences, and more. Visit [azuki.com](https://azuki.com) for more details.

We rise together. We build together. We grow together.",0,500,https://discord.gg/azuki,contain,http://www.azuki.com,False,,False,verified,https://lh3.googleusercontent.com/H8jOCJuQokNqGBpkBN5wk1oZwO7LM8bNnrHCaekV2nKjnCqw6UB5oaH8XyNeBDj6bA_n1mjejzhFQUP3O1NfjFLHr3FOaeHcTOOT=s120,False,,,Azuki,False,0,250,0xb4d24dacbdffa1bbf9a624044484b3feeb7fdf74,False,,azuki,,,azuki,,False,0,https://ikzttp.mypinata.cloud/ipfs/QmQFkLSQysj94s5GvTHPyzTxrawwtjgiiYS2TBLgrvw8CW/5588,False,EasyRider,https://storage.googleapis.com/opensea-static/opensea-profile/11.png,0xb4df3b128d7e4d7eb374e155fb40bbdef20e8068,,5588,ETH,0x0000000000000000000000000000000000000000,https://openseauserdata.com/files/6f8e2979d428180222796ff4a33ab929.svg,Ether,18,1.000000000000000,1097.799999999999955000,0xc20ac8219dd837d2d61defa6c599f3558b124689d37c0a7b3f724b01bba373b0,13999825,EasyRider,https://storage.googleapis.com/opensea-static/opensea-profile/11.png,0xb4df3b128d7e4d7eb374e155fb40bbdef20e8068,,247372484,2022-01-13T22:23:16,OpenSea-Orders,https://storage.googleapis.com/opensea-static/opensea-profile/22.png,0x7be8076f4ea4a4ad08075c2508e481d6c946d12b,verified,0xfbd55e811d2a619b920c01c1df8a4ca18d358b1e0ffa6c41e97dce1bb4854e4b,175,,,payout,2022-01-17T13:13:18,,,ETH,0x0000000000000000000000000000000000000000,https://openseauserdata.com/files/6f8e2979d428180222796ff4a33ab929.svg,Ether,18,1.000000000000000,1097.799999999999955000,0x5c4c459b2d9f1ccf75c722a61e7339ab16390aa91c97029cf628f10e6a8c7ae4,14023240,,250553156,,,0xa4a441c78e81a7ddc92fe708144d608b962439826265762efd601a5232d2d7c3,19,2022-01-17T13:13:30.186845,,Kpit,https://storage.googleapis.com/opensea-static/opensea-profile/32.png,0xd579bb0771a1da9ccade9fafb0e733e493a10f01,,EasyRider,https://storage.googleapis.com/opensea-static/opensea-profile/11.png,0xb4df3b128d7e4d7eb374e155fb40bbdef20e8068,,
10,,successful,2022-01-13T22:20:46,,2630000000000000000,2022-01-13T22:21:19.281696,1,,,azuki,0x7be8076f4ea4a4ad08075c2508e481d6c946d12b,,500,,,,2875155202,False,,,,2022-01-13T21:10:53,206884606,2,,https://lh3.googleusercontent.com/hszRQuTNMnckPy9km4zP89GFlbw8yk8geiu_D6IWo3Hx0DbalGVZn23KmPcEmgg5wnAiO_OzE6f1gF9olqIs79Quoyy3nuIUT6U7vA,https://lh3.googleusercontent.com/hszRQuTNMnckPy9km4zP89GFlbw8yk8geiu_D6IWo3Hx0DbalGVZn23KmPcEmgg5wnAiO_OzE6f1gF9olqIs79Quoyy3nuIUT6U7vA=s250,https://lh3.googleusercontent.com/hszRQuTNMnckPy9km4zP89GFlbw8yk8geiu_D6IWo3Hx0DbalGVZn23KmPcEmgg5wnAiO_OzE6f1gF9olqIs79Quoyy3nuIUT6U7vA=s128,https://ikzttp.mypinata.cloud/ipfs/QmYDvPAXtiJg7s8JdRBSLWdgSphQdac8j1YuQNNxcGE1hg/9512.png,,,Azuki #9512,,,0xed5af388653567af2f388e6224dc7c4b3241c544,non-fungible,2022-01-10T05:20:15.499138,Azuki,3.0,,443508449,ERC721,AZUKI,0,"Take the red bean to join the garden. View the collection at [azuki.com/gallery](https://azuki.com/gallery).

Azuki starts with a collection of 10,000 avatars that give you membership access to The Garden: a corner of the internet where artists, builders, and web3 enthusiasts meet to create a decentralized future. Azuki holders receive access to exclusive drops, experiences, and more. Visit [azuki.com](https://azuki.com) for more details.

We rise together. We build together. We grow together.",http://www.azuki.com,https://lh3.googleusercontent.com/H8jOCJuQokNqGBpkBN5wk1oZwO7LM8bNnrHCaekV2nKjnCqw6UB5oaH8XyNeBDj6bA_n1mjejzhFQUP3O1NfjFLHr3FOaeHcTOOT=s120,False,0,500,False,0,250,0,750,0xb4d24dacbdffa1bbf9a624044484b3feeb7fdf74,https://opensea.io/assets/ethereum/0xed5af388653567af2f388e6224dc7c4b3241c544/9512,https://lh3.googleusercontent.com/O0XkiR_Z2--OPa_RA6FhXrR16yBOgIJqSLdHTGA0-LAhyzjSYcb3WEPaCYZHeh19JIUEAUazofVKXcY2qOylWCdoeBN6IfGZLJ3I4A=s2500,,2022-01-12T04:18:22.531632,False,"Take the red bean to join the garden. View the collection at [azuki.com/gallery](https://azuki.com/gallery).

Azuki starts with a collection of 10,000 avatars that give you membership access to The Garden: a corner of the internet where artists, builders, and web3 enthusiasts meet to create a decentralized future. Azuki holders receive access to exclusive drops, experiences, and more. Visit [azuki.com](https://azuki.com) for more details.

We rise together. We build together. We grow together.",0,500,https://discord.gg/azuki,contain,http://www.azuki.com,False,,False,verified,https://lh3.googleusercontent.com/H8jOCJuQokNqGBpkBN5wk1oZwO7LM8bNnrHCaekV2nKjnCqw6UB5oaH8XyNeBDj6bA_n1mjejzhFQUP3O1NfjFLHr3FOaeHcTOOT=s120,False,,,Azuki,False,0,250,0xb4d24dacbdffa1bbf9a624044484b3feeb7fdf74,False,,azuki,,,azuki,,False,0,https://ikzttp.mypinata.cloud/ipfs/QmQFkLSQysj94s5GvTHPyzTxrawwtjgiiYS2TBLgrvw8CW/9512,False,bluebeandude,https://storage.googleapis.com/opensea-static/opensea-profile/13.png,0x192388ad7577536606e7e3444f160fa1e82f02f7,,9512,ETH,0x0000000000000000000000000000000000000000,https://openseauserdata.com/files/6f8e2979d428180222796ff4a33ab929.svg,Ether,18,1.000000000000000,1097.799999999999955000,0x751ab2d205cdc0f740c0e2e498df637c1d6f70e389ad43517a2fa03d0c8df997,13999817,marlo_hu,https://storage.googleapis.com/opensea-static/opensea-profile/20.png,0xfd2446c4dee1a1cf8876286c54b9abbc4a572231,,247371277,2022-01-13T22:20:46,OpenSea-Orders,https://storage.googleapis.com/opensea-static/opensea-profile/22.png,0x7be8076f4ea4a4ad08075c2508e481d6c946d12b,verified,0x0b2681a20a5b3b2cbb34de83b0b11ceb42dae0f3006b13729f96674e80061212,238,,,payout,2022-01-17T13:13:18,,,ETH,0x0000000000000000000000000000000000000000,https://openseauserdata.com/files/6f8e2979d428180222796ff4a33ab929.svg,Ether,18,1.000000000000000,1097.799999999999955000,0x5c4c459b2d9f1ccf75c722a61e7339ab16390aa91c97029cf628f10e6a8c7ae4,14023240,,250553156,,,0xa4a441c78e81a7ddc92fe708144d608b962439826265762efd601a5232d2d7c3,19,2022-01-17T13:13:30.186845,,Akira19,https://storage.googleapis.com/opensea-static/opensea-profile/1.png,0x88815cee9d678b6e288fb48da3abbd4514ff06c3,,marlo_hu,https://storage.googleapis.com/opensea-static/opensea-profile/20.png,0xfd2446c4dee1a1cf8876286c54b9abbc4a572231,,
11,,successful,2022-01-13T22:17:11,,2600000000000000000,2022-01-13T22:17:40.471454,1,,,azuki,0x7be8076f4ea4a4ad08075c2508e481d6c946d12b,,500,,,,2875110768,False,,,,2022-01-13T22:01:49,204267711,3,,https://lh3.googleusercontent.com/5swfiv60f8UGLs1ZMRa7ekDVfeBX8PEWE-oV0oZbcz-0QrHF_NteGqZ9Fr7DZbX80ZFNsPSL6WP4-Z8zrkztVuJkHlNSGVw_NwOTfA,https://lh3.googleusercontent.com/5swfiv60f8UGLs1ZMRa7ekDVfeBX8PEWE-oV0oZbcz-0QrHF_NteGqZ9Fr7DZbX80ZFNsPSL6WP4-Z8zrkztVuJkHlNSGVw_NwOTfA=s250,https://lh3.googleusercontent.com/5swfiv60f8UGLs1ZMRa7ekDVfeBX8PEWE-oV0oZbcz-0QrHF_NteGqZ9Fr7DZbX80ZFNsPSL6WP4-Z8zrkztVuJkHlNSGVw_NwOTfA=s128,https://ikzttp.mypinata.cloud/ipfs/QmYDvPAXtiJg7s8JdRBSLWdgSphQdac8j1YuQNNxcGE1hg/8782.png,,,Azuki #8782,,,0xed5af388653567af2f388e6224dc7c4b3241c544,non-fungible,2022-01-10T05:20:15.499138,Azuki,3.0,,443508449,ERC721,AZUKI,0,"Take the red bean to join the garden. View the collection at [azuki.com/gallery](https://azuki.com/gallery).

Azuki starts with a collection of 10,000 avatars that give you membership access to The Garden: a corner of the internet where artists, builders, and web3 enthusiasts meet to create a decentralized future. Azuki holders receive access to exclusive drops, experiences, and more. Visit [azuki.com](https://azuki.com) for more details.

We rise together. We build together. We grow together.",http://www.azuki.com,https://lh3.googleusercontent.com/H8jOCJuQokNqGBpkBN5wk1oZwO7LM8bNnrHCaekV2nKjnCqw6UB5oaH8XyNeBDj6bA_n1mjejzhFQUP3O1NfjFLHr3FOaeHcTOOT=s120,False,0,500,False,0,250,0,750,0xb4d24dacbdffa1bbf9a624044484b3feeb7fdf74,https://opensea.io/assets/ethereum/0xed5af388653567af2f388e6224dc7c4b3241c544/8782,https://lh3.googleusercontent.com/O0XkiR_Z2--OPa_RA6FhXrR16yBOgIJqSLdHTGA0-LAhyzjSYcb3WEPaCYZHeh19JIUEAUazofVKXcY2qOylWCdoeBN6IfGZLJ3I4A=s2500,,2022-01-12T04:18:22.531632,False,"Take the red bean to join the garden. View the collection at [azuki.com/gallery](https://azuki.com/gallery).

Azuki starts with a collection of 10,000 avatars that give you membership access to The Garden: a corner of the internet where artists, builders, and web3 enthusiasts meet to create a decentralized future. Azuki holders receive access to exclusive drops, experiences, and more. Visit [azuki.com](https://azuki.com) for more details.

We rise together. We build together. We grow together.",0,500,https://discord.gg/azuki,contain,http://www.azuki.com,False,,False,verified,https://lh3.googleusercontent.com/H8jOCJuQokNqGBpkBN5wk1oZwO7LM8bNnrHCaekV2nKjnCqw6UB5oaH8XyNeBDj6bA_n1mjejzhFQUP3O1NfjFLHr3FOaeHcTOOT=s120,False,,,Azuki,False,0,250,0xb4d24dacbdffa1bbf9a624044484b3feeb7fdf74,False,,azuki,,,azuki,,False,0,https://ikzttp.mypinata.cloud/ipfs/QmQFkLSQysj94s5GvTHPyzTxrawwtjgiiYS2TBLgrvw8CW/8782,False,,https://storage.googleapis.com/opensea-static/opensea-profile/25.png,0x33bb1ac43f35470cb2c1a56da34fb3be43e7566e,,8782,ETH,0x0000000000000000000000000000000000000000,https://openseauserdata.com/files/6f8e2979d428180222796ff4a33ab929.svg,Ether,18,1.000000000000000,1097.799999999999955000,0xb470ccfaa59b4d8b6169781321a548f247e926a3e1814466d759d492a57bcb4b,13999805,Robert-The-Whale,https://storage.googleapis.com/opensea-static/opensea-profile/14.png,0xb6c5b1a489606028da263eda28063186f96fa921,,247369442,2022-01-13T22:17:11,OpenSea-Orders,https://storage.googleapis.com/opensea-static/opensea-profile/22.png,0x7be8076f4ea4a4ad08075c2508e481d6c946d12b,verified,0x80285c06e9fb063d9224367a802f8b084d025ddcd3886d5a6809a11e8cb97f46,119,,,payout,2022-01-17T13:13:18,,,ETH,0x0000000000000000000000000000000000000000,https://openseauserdata.com/files/6f8e2979d428180222796ff4a33ab929.svg,Ether,18,1.000000000000000,1097.799999999999955000,0x5c4c459b2d9f1ccf75c722a61e7339ab16390aa91c97029cf628f10e6a8c7ae4,14023240,,250553156,,,0xa4a441c78e81a7ddc92fe708144d608b962439826265762efd601a5232d2d7c3,19,2022-01-17T13:13:30.186845,,JaredS,https://storage.googleapis.com/opensea-static/opensea-profile/31.png,0xd4091d661a44648d61bd3bb51e129d0d60892056,,Robert-The-Whale,https://storage.googleapis.com/opensea-static/opensea-profile/14.png,0xb6c5b1a489606028da263eda28063186f96fa921,,
12,,successful,2022-01-13T22:16:13,,2600000000000000000,2022-01-13T22:16:33.662173,1,,,azuki,0x7be8076f4ea4a4ad08075c2508e481d6c946d12b,,500,,,,2875097510,False,,,,2022-01-13T21:43:31,204261750,3,,https://lh3.googleusercontent.com/0jsgFA6CbDXwV66mot9gf0DbscuvKzYWr7WBoxbMHzUGdIz0Tm1qmIv6k-YDojsz4QnWHi-yv64PEGFmod1jqIpaUVTe4USEdMs2,https://lh3.googleusercontent.com/0jsgFA6CbDXwV66mot9gf0DbscuvKzYWr7WBoxbMHzUGdIz0Tm1qmIv6k-YDojsz4QnWHi-yv64PEGFmod1jqIpaUVTe4USEdMs2=s250,https://lh3.googleusercontent.com/0jsgFA6CbDXwV66mot9gf0DbscuvKzYWr7WBoxbMHzUGdIz0Tm1qmIv6k-YDojsz4QnWHi-yv64PEGFmod1jqIpaUVTe4USEdMs2=s128,https://ikzttp.mypinata.cloud/ipfs/QmYDvPAXtiJg7s8JdRBSLWdgSphQdac8j1YuQNNxcGE1hg/7982.png,,,Azuki #7982,,,0xed5af388653567af2f388e6224dc7c4b3241c544,non-fungible,2022-01-10T05:20:15.499138,Azuki,3.0,,443508449,ERC721,AZUKI,0,"Take the red bean to join the garden. View the collection at [azuki.com/gallery](https://azuki.com/gallery).

Azuki starts with a collection of 10,000 avatars that give you membership access to The Garden: a corner of the internet where artists, builders, and web3 enthusiasts meet to create a decentralized future. Azuki holders receive access to exclusive drops, experiences, and more. Visit [azuki.com](https://azuki.com) for more details.

We rise together. We build together. We grow together.",http://www.azuki.com,https://lh3.googleusercontent.com/H8jOCJuQokNqGBpkBN5wk1oZwO7LM8bNnrHCaekV2nKjnCqw6UB5oaH8XyNeBDj6bA_n1mjejzhFQUP3O1NfjFLHr3FOaeHcTOOT=s120,False,0,500,False,0,250,0,750,0xb4d24dacbdffa1bbf9a624044484b3feeb7fdf74,https://opensea.io/assets/ethereum/0xed5af388653567af2f388e6224dc7c4b3241c544/7982,https://lh3.googleusercontent.com/O0XkiR_Z2--OPa_RA6FhXrR16yBOgIJqSLdHTGA0-LAhyzjSYcb3WEPaCYZHeh19JIUEAUazofVKXcY2qOylWCdoeBN6IfGZLJ3I4A=s2500,,2022-01-12T04:18:22.531632,False,"Take the red bean to join the garden. View the collection at [azuki.com/gallery](https://azuki.com/gallery).

Azuki starts with a collection of 10,000 avatars that give you membership access to The Garden: a corner of the internet where artists, builders, and web3 enthusiasts meet to create a decentralized future. Azuki holders receive access to exclusive drops, experiences, and more. Visit [azuki.com](https://azuki.com) for more details.

We rise together. We build together. We grow together.",0,500,https://discord.gg/azuki,contain,http://www.azuki.com,False,,False,verified,https://lh3.googleusercontent.com/H8jOCJuQokNqGBpkBN5wk1oZwO7LM8bNnrHCaekV2nKjnCqw6UB5oaH8XyNeBDj6bA_n1mjejzhFQUP3O1NfjFLHr3FOaeHcTOOT=s120,False,,,Azuki,False,0,250,0xb4d24dacbdffa1bbf9a624044484b3feeb7fdf74,False,,azuki,,,azuki,,False,0,https://ikzttp.mypinata.cloud/ipfs/QmQFkLSQysj94s5GvTHPyzTxrawwtjgiiYS2TBLgrvw8CW/7982,False,,https://storage.googleapis.com/opensea-static/opensea-profile/17.png,0xdf910f416cfae91fa41b274770868079ca5502f3,,7982,ETH,0x0000000000000000000000000000000000000000,https://openseauserdata.com/files/6f8e2979d428180222796ff4a33ab929.svg,Ether,18,1.000000000000000,1097.799999999999955000,0x97a38ad33341f432057e92dbd425970eea312e04fe273eb1ed95a0d21eea2139,13999799,Robert-The-Whale,https://storage.googleapis.com/opensea-static/opensea-profile/14.png,0xb6c5b1a489606028da263eda28063186f96fa921,,247368574,2022-01-13T22:16:13,OpenSea-Orders,https://storage.googleapis.com/opensea-static/opensea-profile/22.png,0x7be8076f4ea4a4ad08075c2508e481d6c946d12b,verified,0xfbd395c24a7de9c941e2a9ada2a1c8fad33934e5ab7d13a23898a1839f23d51d,11,,,payout,2022-01-17T13:13:18,,,ETH,0x0000000000000000000000000000000000000000,https://openseauserdata.com/files/6f8e2979d428180222796ff4a33ab929.svg,Ether,18,1.000000000000000,1097.799999999999955000,0x5c4c459b2d9f1ccf75c722a61e7339ab16390aa91c97029cf628f10e6a8c7ae4,14023240,,250553156,,,0xa4a441c78e81a7ddc92fe708144d608b962439826265762efd601a5232d2d7c3,19,2022-01-17T13:13:30.186845,,mangosteen-jpg,https://storage.googleapis.com/opensea-static/opensea-profile/5.png,0x10c98e30e1c6a36bcf962e55d7c2b53cf7197835,,Robert-The-Whale,https://storage.googleapis.com/opensea-static/opensea-profile/14.png,0xb6c5b1a489606028da263eda28063186f96fa921,,
13,,successful,2022-01-13T22:09:10,,2550000000000000000,2022-01-13T22:09:28.911116,1,,,azuki,0x7be8076f4ea4a4ad08075c2508e481d6c946d12b,,500,,,,2875018982,False,,,,2022-01-13T21:59:08,204250626,2,,https://lh3.googleusercontent.com/Bi9coqE1ABIGr6lwAsEMBg0UXWycnXaHMwr6rLLhGir64Pc1U6hLFnAPeOiwbLOxmqp1Zd98OOdbhP20KpUGn2Kao2qq4BQlb4bhbA,https://lh3.googleusercontent.com/Bi9coqE1ABIGr6lwAsEMBg0UXWycnXaHMwr6rLLhGir64Pc1U6hLFnAPeOiwbLOxmqp1Zd98OOdbhP20KpUGn2Kao2qq4BQlb4bhbA=s250,https://lh3.googleusercontent.com/Bi9coqE1ABIGr6lwAsEMBg0UXWycnXaHMwr6rLLhGir64Pc1U6hLFnAPeOiwbLOxmqp1Zd98OOdbhP20KpUGn2Kao2qq4BQlb4bhbA=s128,https://ikzttp.mypinata.cloud/ipfs/QmYDvPAXtiJg7s8JdRBSLWdgSphQdac8j1YuQNNxcGE1hg/3237.png,,,Azuki #3237,,,0xed5af388653567af2f388e6224dc7c4b3241c544,non-fungible,2022-01-10T05:20:15.499138,Azuki,3.0,,443508449,ERC721,AZUKI,0,"Take the red bean to join the garden. View the collection at [azuki.com/gallery](https://azuki.com/gallery).

Azuki starts with a collection of 10,000 avatars that give you membership access to The Garden: a corner of the internet where artists, builders, and web3 enthusiasts meet to create a decentralized future. Azuki holders receive access to exclusive drops, experiences, and more. Visit [azuki.com](https://azuki.com) for more details.

We rise together. We build together. We grow together.",http://www.azuki.com,https://lh3.googleusercontent.com/H8jOCJuQokNqGBpkBN5wk1oZwO7LM8bNnrHCaekV2nKjnCqw6UB5oaH8XyNeBDj6bA_n1mjejzhFQUP3O1NfjFLHr3FOaeHcTOOT=s120,False,0,500,False,0,250,0,750,0xb4d24dacbdffa1bbf9a624044484b3feeb7fdf74,https://opensea.io/assets/ethereum/0xed5af388653567af2f388e6224dc7c4b3241c544/3237,https://lh3.googleusercontent.com/O0XkiR_Z2--OPa_RA6FhXrR16yBOgIJqSLdHTGA0-LAhyzjSYcb3WEPaCYZHeh19JIUEAUazofVKXcY2qOylWCdoeBN6IfGZLJ3I4A=s2500,,2022-01-12T04:18:22.531632,False,"Take the red bean to join the garden. View the collection at [azuki.com/gallery](https://azuki.com/gallery).

Azuki starts with a collection of 10,000 avatars that give you membership access to The Garden: a corner of the internet where artists, builders, and web3 enthusiasts meet to create a decentralized future. Azuki holders receive access to exclusive drops, experiences, and more. Visit [azuki.com](https://azuki.com) for more details.

We rise together. We build together. We grow together.",0,500,https://discord.gg/azuki,contain,http://www.azuki.com,False,,False,verified,https://lh3.googleusercontent.com/H8jOCJuQokNqGBpkBN5wk1oZwO7LM8bNnrHCaekV2nKjnCqw6UB5oaH8XyNeBDj6bA_n1mjejzhFQUP3O1NfjFLHr3FOaeHcTOOT=s120,False,,,Azuki,False,0,250,0xb4d24dacbdffa1bbf9a624044484b3feeb7fdf74,False,,azuki,,,azuki,,False,0,https://ikzttp.mypinata.cloud/ipfs/QmQFkLSQysj94s5GvTHPyzTxrawwtjgiiYS2TBLgrvw8CW/3237,False,goX2Y2Cheaper,https://storage.googleapis.com/opensea-static/opensea-profile/31.png,0x54d987558d16bee9b4f94d422dd8363bf626e3f7,,3237,ETH,0x0000000000000000000000000000000000000000,https://openseauserdata.com/files/6f8e2979d428180222796ff4a33ab929.svg,Ether,18,1.000000000000000,1097.799999999999955000,0x1b0de04b14de627b2dbd00b7b78ff38a918dff072a60279e592ebc1b974e3a53,13999767,AllThatGlittersIsNotGold,https://storage.googleapis.com/opensea-static/opensea-profile/33.png,0x3044ea6e645aa0d75c3f0f0342f449a150f2b76e,,247364800,2022-01-13T22:09:10,OpenSea-Orders,https://storage.googleapis.com/opensea-static/opensea-profile/22.png,0x7be8076f4ea4a4ad08075c2508e481d6c946d12b,verified,0x829feca6e3b5100e5dcd4c1cc7022b437a76ca0272712ff30fecbbcad013d339,112,,,payout,2022-01-17T13:13:18,,,ETH,0x0000000000000000000000000000000000000000,https://openseauserdata.com/files/6f8e2979d428180222796ff4a33ab929.svg,Ether,18,1.000000000000000,1097.799999999999955000,0x5c4c459b2d9f1ccf75c722a61e7339ab16390aa91c97029cf628f10e6a8c7ae4,14023240,,250553156,,,0xa4a441c78e81a7ddc92fe708144d608b962439826265762efd601a5232d2d7c3,19,2022-01-17T13:13:30.186845,,jpegmillionaire,https://storage.googleapis.com/opensea-static/opensea-profile/28.png,0x30879cf3c26a5abc9fc7fc82e39bd47dd5daeb54,,AllThatGlittersIsNotGold,https://storage.googleapis.com/opensea-static/opensea-profile/33.png,0x3044ea6e645aa0d75c3f0f0342f449a150f2b76e,,
14,,successful,2022-01-13T22:05:57,,2530000000000000000,2022-01-13T22:06:23.892944,1,,,azuki,0x7be8076f4ea4a4ad08075c2508e481d6c946d12b,,500,,,,2874985552,False,,,,2022-01-13T22:03:21,207026221,3,,https://lh3.googleusercontent.com/hq7_Hov6RtvYKG11lmsVdPt5ygRpoo4uUsQMtFadSaVHCVsVaYw6aNsUS83ElzVZoUJdn7Rqgx_SJwSStKcPnNjsBltXbAXW_UXXYsY,https://lh3.googleusercontent.com/hq7_Hov6RtvYKG11lmsVdPt5ygRpoo4uUsQMtFadSaVHCVsVaYw6aNsUS83ElzVZoUJdn7Rqgx_SJwSStKcPnNjsBltXbAXW_UXXYsY=s250,https://lh3.googleusercontent.com/hq7_Hov6RtvYKG11lmsVdPt5ygRpoo4uUsQMtFadSaVHCVsVaYw6aNsUS83ElzVZoUJdn7Rqgx_SJwSStKcPnNjsBltXbAXW_UXXYsY=s128,https://ikzttp.mypinata.cloud/ipfs/QmYDvPAXtiJg7s8JdRBSLWdgSphQdac8j1YuQNNxcGE1hg/9663.png,,,Azuki #9663,,,0xed5af388653567af2f388e6224dc7c4b3241c544,non-fungible,2022-01-10T05:20:15.499138,Azuki,3.0,,443508449,ERC721,AZUKI,0,"Take the red bean to join the garden. View the collection at [azuki.com/gallery](https://azuki.com/gallery).

Azuki starts with a collection of 10,000 avatars that give you membership access to The Garden: a corner of the internet where artists, builders, and web3 enthusiasts meet to create a decentralized future. Azuki holders receive access to exclusive drops, experiences, and more. Visit [azuki.com](https://azuki.com) for more details.

We rise together. We build together. We grow together.",http://www.azuki.com,https://lh3.googleusercontent.com/H8jOCJuQokNqGBpkBN5wk1oZwO7LM8bNnrHCaekV2nKjnCqw6UB5oaH8XyNeBDj6bA_n1mjejzhFQUP3O1NfjFLHr3FOaeHcTOOT=s120,False,0,500,False,0,250,0,750,0xb4d24dacbdffa1bbf9a624044484b3feeb7fdf74,https://opensea.io/assets/ethereum/0xed5af388653567af2f388e6224dc7c4b3241c544/9663,https://lh3.googleusercontent.com/O0XkiR_Z2--OPa_RA6FhXrR16yBOgIJqSLdHTGA0-LAhyzjSYcb3WEPaCYZHeh19JIUEAUazofVKXcY2qOylWCdoeBN6IfGZLJ3I4A=s2500,,2022-01-12T04:18:22.531632,False,"Take the red bean to join the garden. View the collection at [azuki.com/gallery](https://azuki.com/gallery).

Azuki starts with a collection of 10,000 avatars that give you membership access to The Garden: a corner of the internet where artists, builders, and web3 enthusiasts meet to create a decentralized future. Azuki holders receive access to exclusive drops, experiences, and more. Visit [azuki.com](https://azuki.com) for more details.

We rise together. We build together. We grow together.",0,500,https://discord.gg/azuki,contain,http://www.azuki.com,False,,False,verified,https://lh3.googleusercontent.com/H8jOCJuQokNqGBpkBN5wk1oZwO7LM8bNnrHCaekV2nKjnCqw6UB5oaH8XyNeBDj6bA_n1mjejzhFQUP3O1NfjFLHr3FOaeHcTOOT=s120,False,,,Azuki,False,0,250,0xb4d24dacbdffa1bbf9a624044484b3feeb7fdf74,False,,azuki,,,azuki,,False,0,https://ikzttp.mypinata.cloud/ipfs/QmQFkLSQysj94s5GvTHPyzTxrawwtjgiiYS2TBLgrvw8CW/9663,False,,https://storage.googleapis.com/opensea-static/opensea-profile/4.png,0x29f1abd903f2293d062307d1ff4e25697a05986f,,9663,ETH,0x0000000000000000000000000000000000000000,https://openseauserdata.com/files/6f8e2979d428180222796ff4a33ab929.svg,Ether,18,1.000000000000000,1097.799999999999955000,0xab0c3f14bd59dfee03b48bf2b145adee36ad2a96c9bf7ca1bb4d7304a1f40e6b,13999750,dustayy,https://storage.googleapis.com/opensea-static/opensea-profile/14.png,0x8d065b82f2b9a0b4de2c7fcd55bf5a7b608f88da,,247363003,2022-01-13T22:05:57,OpenSea-Orders,https://storage.googleapis.com/opensea-static/opensea-profile/22.png,0x7be8076f4ea4a4ad08075c2508e481d6c946d12b,verified,0xc5964437d0efa71c391b0d8459c8c6d3fce2b7f24735ec8bb49311b52ec7f815,165,,,payout,2022-01-17T13:13:18,,,ETH,0x0000000000000000000000000000000000000000,https://openseauserdata.com/files/6f8e2979d428180222796ff4a33ab929.svg,Ether,18,1.000000000000000,1097.799999999999955000,0x5c4c459b2d9f1ccf75c722a61e7339ab16390aa91c97029cf628f10e6a8c7ae4,14023240,,250553156,,,0xa4a441c78e81a7ddc92fe708144d608b962439826265762efd601a5232d2d7c3,19,2022-01-17T13:13:30.186845,,Mochaforever,https://storage.googleapis.com/opensea-static/opensea-profile/9.png,0xc906d78de5612ae7430b64c7914a0d825775fd08,,dustayy,https://storage.googleapis.com/opensea-static/opensea-profile/14.png,0x8d065b82f2b9a0b4de2c7fcd55bf5a7b608f88da,,
15,,successful,2022-01-13T22:04:19,,2546000000000000000,2022-01-13T22:04:39.689275,1,,,azuki,0x7be8076f4ea4a4ad08075c2508e481d6c946d12b,,500,,,,2874965918,False,,,,2022-01-13T21:59:38,204256048,4,,https://lh3.googleusercontent.com/9qGNnfuyktrzu60nOzGDSLFnkl72Ji3eZ6pxxfQTovyH8-5vzF1q2dHmbymUtnkS4WS77mVG--n1aN1Z1MtFvXwDmvG1tzOARyTLNg,https://lh3.googleusercontent.com/9qGNnfuyktrzu60nOzGDSLFnkl72Ji3eZ6pxxfQTovyH8-5vzF1q2dHmbymUtnkS4WS77mVG--n1aN1Z1MtFvXwDmvG1tzOARyTLNg=s250,https://lh3.googleusercontent.com/9qGNnfuyktrzu60nOzGDSLFnkl72Ji3eZ6pxxfQTovyH8-5vzF1q2dHmbymUtnkS4WS77mVG--n1aN1Z1MtFvXwDmvG1tzOARyTLNg=s128,https://ikzttp.mypinata.cloud/ipfs/QmYDvPAXtiJg7s8JdRBSLWdgSphQdac8j1YuQNNxcGE1hg/5448.png,,,Azuki #5448,,,0xed5af388653567af2f388e6224dc7c4b3241c544,non-fungible,2022-01-10T05:20:15.499138,Azuki,3.0,,443508449,ERC721,AZUKI,0,"Take the red bean to join the garden. View the collection at [azuki.com/gallery](https://azuki.com/gallery).

Azuki starts with a collection of 10,000 avatars that give you membership access to The Garden: a corner of the internet where artists, builders, and web3 enthusiasts meet to create a decentralized future. Azuki holders receive access to exclusive drops, experiences, and more. Visit [azuki.com](https://azuki.com) for more details.

We rise together. We build together. We grow together.",http://www.azuki.com,https://lh3.googleusercontent.com/H8jOCJuQokNqGBpkBN5wk1oZwO7LM8bNnrHCaekV2nKjnCqw6UB5oaH8XyNeBDj6bA_n1mjejzhFQUP3O1NfjFLHr3FOaeHcTOOT=s120,False,0,500,False,0,250,0,750,0xb4d24dacbdffa1bbf9a624044484b3feeb7fdf74,https://opensea.io/assets/ethereum/0xed5af388653567af2f388e6224dc7c4b3241c544/5448,https://lh3.googleusercontent.com/O0XkiR_Z2--OPa_RA6FhXrR16yBOgIJqSLdHTGA0-LAhyzjSYcb3WEPaCYZHeh19JIUEAUazofVKXcY2qOylWCdoeBN6IfGZLJ3I4A=s2500,,2022-01-12T04:18:22.531632,False,"Take the red bean to join the garden. View the collection at [azuki.com/gallery](https://azuki.com/gallery).

Azuki starts with a collection of 10,000 avatars that give you membership access to The Garden: a corner of the internet where artists, builders, and web3 enthusiasts meet to create a decentralized future. Azuki holders receive access to exclusive drops, experiences, and more. Visit [azuki.com](https://azuki.com) for more details.

We rise together. We build together. We grow together.",0,500,https://discord.gg/azuki,contain,http://www.azuki.com,False,,False,verified,https://lh3.googleusercontent.com/H8jOCJuQokNqGBpkBN5wk1oZwO7LM8bNnrHCaekV2nKjnCqw6UB5oaH8XyNeBDj6bA_n1mjejzhFQUP3O1NfjFLHr3FOaeHcTOOT=s120,False,,,Azuki,False,0,250,0xb4d24dacbdffa1bbf9a624044484b3feeb7fdf74,False,,azuki,,,azuki,,False,0,https://ikzttp.mypinata.cloud/ipfs/QmQFkLSQysj94s5GvTHPyzTxrawwtjgiiYS2TBLgrvw8CW/5448,False,,https://storage.googleapis.com/opensea-static/opensea-profile/27.png,0xe203882039bf2ae11fa04f52e885bde164d17112,,5448,ETH,0x0000000000000000000000000000000000000000,https://openseauserdata.com/files/6f8e2979d428180222796ff4a33ab929.svg,Ether,18,1.000000000000000,1097.799999999999955000,0x78c51ea9a5db9aaad5e01b89bc33d3d1fbcc14cc961e0eb6024e0e512382c49d,13999740,Robert-The-Whale,https://storage.googleapis.com/opensea-static/opensea-profile/14.png,0xb6c5b1a489606028da263eda28063186f96fa921,,247361839,2022-01-13T22:04:19,OpenSea-Orders,https://storage.googleapis.com/opensea-static/opensea-profile/22.png,0x7be8076f4ea4a4ad08075c2508e481d6c946d12b,verified,0xcfb509e9311abf671b638e508b430e6d0c25ad3559d42e950f20572489ca5910,121,,,payout,2022-01-17T13:13:18,,,ETH,0x0000000000000000000000000000000000000000,https://openseauserdata.com/files/6f8e2979d428180222796ff4a33ab929.svg,Ether,18,1.000000000000000,1097.799999999999955000,0x5c4c459b2d9f1ccf75c722a61e7339ab16390aa91c97029cf628f10e6a8c7ae4,14023240,,250553156,,,0xa4a441c78e81a7ddc92fe708144d608b962439826265762efd601a5232d2d7c3,19,2022-01-17T13:13:30.186845,,YungJoen,https://storage.googleapis.com/opensea-static/opensea-profile/22.png,0xf90e875d685fc039066e264b319ae9a2f240c0e5,,Robert-The-Whale,https://storage.googleapis.com/opensea-static/opensea-profile/14.png,0xb6c5b1a489606028da263eda28063186f96fa921,,
16,,successful,2022-01-13T22:04:06,,2588000000000000000,2022-01-13T22:04:13.693139,1,,,azuki,0x7be8076f4ea4a4ad08075c2508e481d6c946d12b,,500,,,,2874961081,False,,,,2022-01-13T21:26:08,204258185,3,,https://lh3.googleusercontent.com/Ab3fWvS6FxO03ykUPKJ4m7c0vhKn5WS2iuwjCnxnX8LDxmh8jvya-hUR8tPIBudgw8dlg32MylL9AU8SYaZOFEr3vL61fMKEKvzscQ,https://lh3.googleusercontent.com/Ab3fWvS6FxO03ykUPKJ4m7c0vhKn5WS2iuwjCnxnX8LDxmh8jvya-hUR8tPIBudgw8dlg32MylL9AU8SYaZOFEr3vL61fMKEKvzscQ=s250,https://lh3.googleusercontent.com/Ab3fWvS6FxO03ykUPKJ4m7c0vhKn5WS2iuwjCnxnX8LDxmh8jvya-hUR8tPIBudgw8dlg32MylL9AU8SYaZOFEr3vL61fMKEKvzscQ=s128,https://ikzttp.mypinata.cloud/ipfs/QmYDvPAXtiJg7s8JdRBSLWdgSphQdac8j1YuQNNxcGE1hg/5923.png,,,Azuki #5923,,,0xed5af388653567af2f388e6224dc7c4b3241c544,non-fungible,2022-01-10T05:20:15.499138,Azuki,3.0,,443508449,ERC721,AZUKI,0,"Take the red bean to join the garden. View the collection at [azuki.com/gallery](https://azuki.com/gallery).

Azuki starts with a collection of 10,000 avatars that give you membership access to The Garden: a corner of the internet where artists, builders, and web3 enthusiasts meet to create a decentralized future. Azuki holders receive access to exclusive drops, experiences, and more. Visit [azuki.com](https://azuki.com) for more details.

We rise together. We build together. We grow together.",http://www.azuki.com,https://lh3.googleusercontent.com/H8jOCJuQokNqGBpkBN5wk1oZwO7LM8bNnrHCaekV2nKjnCqw6UB5oaH8XyNeBDj6bA_n1mjejzhFQUP3O1NfjFLHr3FOaeHcTOOT=s120,False,0,500,False,0,250,0,750,0xb4d24dacbdffa1bbf9a624044484b3feeb7fdf74,https://opensea.io/assets/ethereum/0xed5af388653567af2f388e6224dc7c4b3241c544/5923,https://lh3.googleusercontent.com/O0XkiR_Z2--OPa_RA6FhXrR16yBOgIJqSLdHTGA0-LAhyzjSYcb3WEPaCYZHeh19JIUEAUazofVKXcY2qOylWCdoeBN6IfGZLJ3I4A=s2500,,2022-01-12T04:18:22.531632,False,"Take the red bean to join the garden. View the collection at [azuki.com/gallery](https://azuki.com/gallery).

Azuki starts with a collection of 10,000 avatars that give you membership access to The Garden: a corner of the internet where artists, builders, and web3 enthusiasts meet to create a decentralized future. Azuki holders receive access to exclusive drops, experiences, and more. Visit [azuki.com](https://azuki.com) for more details.

We rise together. We build together. We grow together.",0,500,https://discord.gg/azuki,contain,http://www.azuki.com,False,,False,verified,https://lh3.googleusercontent.com/H8jOCJuQokNqGBpkBN5wk1oZwO7LM8bNnrHCaekV2nKjnCqw6UB5oaH8XyNeBDj6bA_n1mjejzhFQUP3O1NfjFLHr3FOaeHcTOOT=s120,False,,,Azuki,False,0,250,0xb4d24dacbdffa1bbf9a624044484b3feeb7fdf74,False,,azuki,,,azuki,,False,0,https://ikzttp.mypinata.cloud/ipfs/QmQFkLSQysj94s5GvTHPyzTxrawwtjgiiYS2TBLgrvw8CW/5923,False,,https://storage.googleapis.com/opensea-static/opensea-profile/29.png,0xd46c8648f2ac4ce1a1aace620460fbd24f640853,,5923,ETH,0x0000000000000000000000000000000000000000,https://openseauserdata.com/files/6f8e2979d428180222796ff4a33ab929.svg,Ether,18,1.000000000000000,1097.799999999999955000,0x6667c2df93688201cff93b1eceaead4579098c2add9b15a8c281b8b4fffed020,13999737,Robert-The-Whale,https://storage.googleapis.com/opensea-static/opensea-profile/14.png,0xb6c5b1a489606028da263eda28063186f96fa921,,247361609,2022-01-13T22:04:06,OpenSea-Orders,https://storage.googleapis.com/opensea-static/opensea-profile/22.png,0x7be8076f4ea4a4ad08075c2508e481d6c946d12b,verified,0xfb7f21025fd8f8ec747707d71ded72a8638e8bfbcef7a812313f1ea2b5b7fb9d,26,,,payout,2022-01-17T13:13:18,,,ETH,0x0000000000000000000000000000000000000000,https://openseauserdata.com/files/6f8e2979d428180222796ff4a33ab929.svg,Ether,18,1.000000000000000,1097.799999999999955000,0x5c4c459b2d9f1ccf75c722a61e7339ab16390aa91c97029cf628f10e6a8c7ae4,14023240,,250553156,,,0xa4a441c78e81a7ddc92fe708144d608b962439826265762efd601a5232d2d7c3,19,2022-01-17T13:13:30.186845,,meepstorage,https://storage.googleapis.com/opensea-static/opensea-profile/32.png,0x20a6f27e11edc08d32c21454b4625eecfb22bb21,,Robert-The-Whale,https://storage.googleapis.com/opensea-static/opensea-profile/14.png,0xb6c5b1a489606028da263eda28063186f96fa921,,
17,,successful,2022-01-13T22:03:37,,2548000000000000000,2022-01-13T22:04:12.607144,1,,,azuki,0x7be8076f4ea4a4ad08075c2508e481d6c946d12b,,500,,,,2874960849,False,,,,2022-01-13T21:40:48,206865319,2,,https://lh3.googleusercontent.com/Lz6Bcui_kzJgZg_bMnfD_Q9l-6zMFpqXMEgFVL2fV5WZdrd0-eLK0w4AGwRKCFLkfNaSCXQbDR0F8QNeWhBGEwsi3ceKzgFvgWWyAQ,https://lh3.googleusercontent.com/Lz6Bcui_kzJgZg_bMnfD_Q9l-6zMFpqXMEgFVL2fV5WZdrd0-eLK0w4AGwRKCFLkfNaSCXQbDR0F8QNeWhBGEwsi3ceKzgFvgWWyAQ=s250,https://lh3.googleusercontent.com/Lz6Bcui_kzJgZg_bMnfD_Q9l-6zMFpqXMEgFVL2fV5WZdrd0-eLK0w4AGwRKCFLkfNaSCXQbDR0F8QNeWhBGEwsi3ceKzgFvgWWyAQ=s128,https://ikzttp.mypinata.cloud/ipfs/QmYDvPAXtiJg7s8JdRBSLWdgSphQdac8j1YuQNNxcGE1hg/9478.png,,,Azuki #9478,,,0xed5af388653567af2f388e6224dc7c4b3241c544,non-fungible,2022-01-10T05:20:15.499138,Azuki,3.0,,443508449,ERC721,AZUKI,0,"Take the red bean to join the garden. View the collection at [azuki.com/gallery](https://azuki.com/gallery).

Azuki starts with a collection of 10,000 avatars that give you membership access to The Garden: a corner of the internet where artists, builders, and web3 enthusiasts meet to create a decentralized future. Azuki holders receive access to exclusive drops, experiences, and more. Visit [azuki.com](https://azuki.com) for more details.

We rise together. We build together. We grow together.",http://www.azuki.com,https://lh3.googleusercontent.com/H8jOCJuQokNqGBpkBN5wk1oZwO7LM8bNnrHCaekV2nKjnCqw6UB5oaH8XyNeBDj6bA_n1mjejzhFQUP3O1NfjFLHr3FOaeHcTOOT=s120,False,0,500,False,0,250,0,750,0xb4d24dacbdffa1bbf9a624044484b3feeb7fdf74,https://opensea.io/assets/ethereum/0xed5af388653567af2f388e6224dc7c4b3241c544/9478,https://lh3.googleusercontent.com/O0XkiR_Z2--OPa_RA6FhXrR16yBOgIJqSLdHTGA0-LAhyzjSYcb3WEPaCYZHeh19JIUEAUazofVKXcY2qOylWCdoeBN6IfGZLJ3I4A=s2500,,2022-01-12T04:18:22.531632,False,"Take the red bean to join the garden. View the collection at [azuki.com/gallery](https://azuki.com/gallery).

Azuki starts with a collection of 10,000 avatars that give you membership access to The Garden: a corner of the internet where artists, builders, and web3 enthusiasts meet to create a decentralized future. Azuki holders receive access to exclusive drops, experiences, and more. Visit [azuki.com](https://azuki.com) for more details.

We rise together. We build together. We grow together.",0,500,https://discord.gg/azuki,contain,http://www.azuki.com,False,,False,verified,https://lh3.googleusercontent.com/H8jOCJuQokNqGBpkBN5wk1oZwO7LM8bNnrHCaekV2nKjnCqw6UB5oaH8XyNeBDj6bA_n1mjejzhFQUP3O1NfjFLHr3FOaeHcTOOT=s120,False,,,Azuki,False,0,250,0xb4d24dacbdffa1bbf9a624044484b3feeb7fdf74,False,,azuki,,,azuki,,False,0,https://ikzttp.mypinata.cloud/ipfs/QmQFkLSQysj94s5GvTHPyzTxrawwtjgiiYS2TBLgrvw8CW/9478,False,,https://storage.googleapis.com/opensea-static/opensea-profile/14.png,0xbcef4713307da6f881be56b1a19638fd2798f2fa,,9478,ETH,0x0000000000000000000000000000000000000000,https://openseauserdata.com/files/6f8e2979d428180222796ff4a33ab929.svg,Ether,18,1.000000000000000,1097.799999999999955000,0x4a78b2596d05d46d4dc9b73e02f05fbc3ae079acf33391bf362c6c7c1341a847,13999736,Robert-The-Whale,https://storage.googleapis.com/opensea-static/opensea-profile/14.png,0xb6c5b1a489606028da263eda28063186f96fa921,,247361568,2022-01-13T22:03:37,OpenSea-Orders,https://storage.googleapis.com/opensea-static/opensea-profile/22.png,0x7be8076f4ea4a4ad08075c2508e481d6c946d12b,verified,0xea27b44569ede0f175be5f226240a6cc9482e86f4ccac849b403c5d08b69eb4e,191,,,payout,2022-01-17T13:13:18,,,ETH,0x0000000000000000000000000000000000000000,https://openseauserdata.com/files/6f8e2979d428180222796ff4a33ab929.svg,Ether,18,1.000000000000000,1097.799999999999955000,0x5c4c459b2d9f1ccf75c722a61e7339ab16390aa91c97029cf628f10e6a8c7ae4,14023240,,250553156,,,0xa4a441c78e81a7ddc92fe708144d608b962439826265762efd601a5232d2d7c3,19,2022-01-17T13:13:30.186845,,ALPHAMALEJACKHAMMER,https://storage.googleapis.com/opensea-static/opensea-profile/2.png,0x8a6bf419234d9fe7cd2f6dced0875be10daad017,,Robert-The-Whale,https://storage.googleapis.com/opensea-static/opensea-profile/14.png,0xb6c5b1a489606028da263eda28063186f96fa921,,
18,,successful,2022-01-13T22:03:18,,2538900000000000000,2022-01-13T22:03:35.382160,1,,,azuki,0x7be8076f4ea4a4ad08075c2508e481d6c946d12b,,500,,,,2874953764,False,,,,2022-01-13T21:56:24,204260090,2,,https://lh3.googleusercontent.com/BBrlDJ8TjsRwi6-Vs23ZsRpdGWTfGPvgubDAWA69ZmOcPUUzXfqAGIU95ttYCTopfk2O0wEuAOztfS3LO1rPv90RqG5olwNDxgLXKg,https://lh3.googleusercontent.com/BBrlDJ8TjsRwi6-Vs23ZsRpdGWTfGPvgubDAWA69ZmOcPUUzXfqAGIU95ttYCTopfk2O0wEuAOztfS3LO1rPv90RqG5olwNDxgLXKg=s250,https://lh3.googleusercontent.com/BBrlDJ8TjsRwi6-Vs23ZsRpdGWTfGPvgubDAWA69ZmOcPUUzXfqAGIU95ttYCTopfk2O0wEuAOztfS3LO1rPv90RqG5olwNDxgLXKg=s128,https://ikzttp.mypinata.cloud/ipfs/QmYDvPAXtiJg7s8JdRBSLWdgSphQdac8j1YuQNNxcGE1hg/6748.png,,,Azuki #6748,,,0xed5af388653567af2f388e6224dc7c4b3241c544,non-fungible,2022-01-10T05:20:15.499138,Azuki,3.0,,443508449,ERC721,AZUKI,0,"Take the red bean to join the garden. View the collection at [azuki.com/gallery](https://azuki.com/gallery).

Azuki starts with a collection of 10,000 avatars that give you membership access to The Garden: a corner of the internet where artists, builders, and web3 enthusiasts meet to create a decentralized future. Azuki holders receive access to exclusive drops, experiences, and more. Visit [azuki.com](https://azuki.com) for more details.

We rise together. We build together. We grow together.",http://www.azuki.com,https://lh3.googleusercontent.com/H8jOCJuQokNqGBpkBN5wk1oZwO7LM8bNnrHCaekV2nKjnCqw6UB5oaH8XyNeBDj6bA_n1mjejzhFQUP3O1NfjFLHr3FOaeHcTOOT=s120,False,0,500,False,0,250,0,750,0xb4d24dacbdffa1bbf9a624044484b3feeb7fdf74,https://opensea.io/assets/ethereum/0xed5af388653567af2f388e6224dc7c4b3241c544/6748,https://lh3.googleusercontent.com/O0XkiR_Z2--OPa_RA6FhXrR16yBOgIJqSLdHTGA0-LAhyzjSYcb3WEPaCYZHeh19JIUEAUazofVKXcY2qOylWCdoeBN6IfGZLJ3I4A=s2500,,2022-01-12T04:18:22.531632,False,"Take the red bean to join the garden. View the collection at [azuki.com/gallery](https://azuki.com/gallery).

Azuki starts with a collection of 10,000 avatars that give you membership access to The Garden: a corner of the internet where artists, builders, and web3 enthusiasts meet to create a decentralized future. Azuki holders receive access to exclusive drops, experiences, and more. Visit [azuki.com](https://azuki.com) for more details.

We rise together. We build together. We grow together.",0,500,https://discord.gg/azuki,contain,http://www.azuki.com,False,,False,verified,https://lh3.googleusercontent.com/H8jOCJuQokNqGBpkBN5wk1oZwO7LM8bNnrHCaekV2nKjnCqw6UB5oaH8XyNeBDj6bA_n1mjejzhFQUP3O1NfjFLHr3FOaeHcTOOT=s120,False,,,Azuki,False,0,250,0xb4d24dacbdffa1bbf9a624044484b3feeb7fdf74,False,,azuki,,,azuki,,False,0,https://ikzttp.mypinata.cloud/ipfs/QmQFkLSQysj94s5GvTHPyzTxrawwtjgiiYS2TBLgrvw8CW/6748,False,,https://storage.googleapis.com/opensea-static/opensea-profile/31.png,0xd0d771304e716d3f7b691d0b3be585c4025319a7,,6748,ETH,0x0000000000000000000000000000000000000000,https://openseauserdata.com/files/6f8e2979d428180222796ff4a33ab929.svg,Ether,18,1.000000000000000,1097.799999999999955000,0x350912ae333409b8490eaa4a5812681031fec72a46ee9abf774dd72b95c3cfe9,13999734,,https://storage.googleapis.com/opensea-static/opensea-profile/16.png,0xc27fd9d5113de19ea89d0265be9fd93f35f052c8,,247361191,2022-01-13T22:03:18,OpenSea-Orders,https://storage.googleapis.com/opensea-static/opensea-profile/22.png,0x7be8076f4ea4a4ad08075c2508e481d6c946d12b,verified,0xa1326c87378961a7dbdfb8d0a678f27a9e1a0547e7af1795d1a56419476b2c23,70,,,payout,2022-01-17T13:13:18,,,ETH,0x0000000000000000000000000000000000000000,https://openseauserdata.com/files/6f8e2979d428180222796ff4a33ab929.svg,Ether,18,1.000000000000000,1097.799999999999955000,0x5c4c459b2d9f1ccf75c722a61e7339ab16390aa91c97029cf628f10e6a8c7ae4,14023240,,250553156,,,0xa4a441c78e81a7ddc92fe708144d608b962439826265762efd601a5232d2d7c3,19,2022-01-17T13:13:30.186845,,0x35fd0dkmfdksgjkdf,https://storage.googleapis.com/opensea-static/opensea-profile/25.png,0x37f106588b973bcdcde85c960957f399ae43efd2,,,https://storage.googleapis.com/opensea-static/opensea-profile/16.png,0xc27fd9d5113de19ea89d0265be9fd93f35f052c8,,
19,,successful,2022-01-13T22:02:40,,2540000000000000000,2022-01-13T22:03:25.003831,1,,,azuki,0x7be8076f4ea4a4ad08075c2508e481d6c946d12b,,500,,,,2874951648,False,,,,2022-01-13T21:57:55,204252831,3,,https://lh3.googleusercontent.com/2StSONdI2gkTR2ZZnC0NWAwPPWwS5looH8uScR6L97LH1IFuS8JPtcAhmJpQPD3cP_m24sSU9BeGb-8qobSgz2y13yV2dSNv_DLKpA,https://lh3.googleusercontent.com/2StSONdI2gkTR2ZZnC0NWAwPPWwS5looH8uScR6L97LH1IFuS8JPtcAhmJpQPD3cP_m24sSU9BeGb-8qobSgz2y13yV2dSNv_DLKpA=s250,https://lh3.googleusercontent.com/2StSONdI2gkTR2ZZnC0NWAwPPWwS5looH8uScR6L97LH1IFuS8JPtcAhmJpQPD3cP_m24sSU9BeGb-8qobSgz2y13yV2dSNv_DLKpA=s128,https://ikzttp.mypinata.cloud/ipfs/QmYDvPAXtiJg7s8JdRBSLWdgSphQdac8j1YuQNNxcGE1hg/4178.png,,,Azuki #4178,,,0xed5af388653567af2f388e6224dc7c4b3241c544,non-fungible,2022-01-10T05:20:15.499138,Azuki,3.0,,443508449,ERC721,AZUKI,0,"Take the red bean to join the garden. View the collection at [azuki.com/gallery](https://azuki.com/gallery).

Azuki starts with a collection of 10,000 avatars that give you membership access to The Garden: a corner of the internet where artists, builders, and web3 enthusiasts meet to create a decentralized future. Azuki holders receive access to exclusive drops, experiences, and more. Visit [azuki.com](https://azuki.com) for more details.

We rise together. We build together. We grow together.",http://www.azuki.com,https://lh3.googleusercontent.com/H8jOCJuQokNqGBpkBN5wk1oZwO7LM8bNnrHCaekV2nKjnCqw6UB5oaH8XyNeBDj6bA_n1mjejzhFQUP3O1NfjFLHr3FOaeHcTOOT=s120,False,0,500,False,0,250,0,750,0xb4d24dacbdffa1bbf9a624044484b3feeb7fdf74,https://opensea.io/assets/ethereum/0xed5af388653567af2f388e6224dc7c4b3241c544/4178,https://lh3.googleusercontent.com/O0XkiR_Z2--OPa_RA6FhXrR16yBOgIJqSLdHTGA0-LAhyzjSYcb3WEPaCYZHeh19JIUEAUazofVKXcY2qOylWCdoeBN6IfGZLJ3I4A=s2500,,2022-01-12T04:18:22.531632,False,"Take the red bean to join the garden. View the collection at [azuki.com/gallery](https://azuki.com/gallery).

Azuki starts with a collection of 10,000 avatars that give you membership access to The Garden: a corner of the internet where artists, builders, and web3 enthusiasts meet to create a decentralized future. Azuki holders receive access to exclusive drops, experiences, and more. Visit [azuki.com](https://azuki.com) for more details.

We rise together. We build together. We grow together.",0,500,https://discord.gg/azuki,contain,http://www.azuki.com,False,,False,verified,https://lh3.googleusercontent.com/H8jOCJuQokNqGBpkBN5wk1oZwO7LM8bNnrHCaekV2nKjnCqw6UB5oaH8XyNeBDj6bA_n1mjejzhFQUP3O1NfjFLHr3FOaeHcTOOT=s120,False,,,Azuki,False,0,250,0xb4d24dacbdffa1bbf9a624044484b3feeb7fdf74,False,,azuki,,,azuki,,False,0,https://ikzttp.mypinata.cloud/ipfs/QmQFkLSQysj94s5GvTHPyzTxrawwtjgiiYS2TBLgrvw8CW/4178,False,Rewkang_Vault,https://storage.googleapis.com/opensea-static/opensea-profile/6.png,0xff3879b8a363aed92a6eaba8f61f1a96a9ec3c1e,,4178,ETH,0x0000000000000000000000000000000000000000,https://openseauserdata.com/files/6f8e2979d428180222796ff4a33ab929.svg,Ether,18,1.000000000000000,1097.799999999999955000,0x9cf3189d3a7754ed736418a585620eac2263f242a8ff6b3107dc45e3194e6f12,13999733,Robert-The-Whale,https://storage.googleapis.com/opensea-static/opensea-profile/14.png,0xb6c5b1a489606028da263eda28063186f96fa921,,247361102,2022-01-13T22:02:40,OpenSea-Orders,https://storage.googleapis.com/opensea-static/opensea-profile/22.png,0x7be8076f4ea4a4ad08075c2508e481d6c946d12b,verified,0xeb5305ac04a5ea92a4db947fc6e9796be78b3885eb53e4b873df19cccaca195f,327,,,payout,2022-01-17T13:13:18,,,ETH,0x0000000000000000000000000000000000000000,https://openseauserdata.com/files/6f8e2979d428180222796ff4a33ab929.svg,Ether,18,1.000000000000000,1097.799999999999955000,0x5c4c459b2d9f1ccf75c722a61e7339ab16390aa91c97029cf628f10e6a8c7ae4,14023240,,250553156,,,0xa4a441c78e81a7ddc92fe708144d608b962439826265762efd601a5232d2d7c3,19,2022-01-17T13:13:30.186845,,DaddyNFTSS,https://storage.googleapis.com/opensea-static/opensea-profile/20.png,0x16d3916ddb48e5c68d756580bcf7d6d76815bb16,,Robert-The-Whale,https://storage.googleapis.com/opensea-static/opensea-profile/14.png,0xb6c5b1a489606028da263eda28063186f96fa921,,
