collection_name,count,time
Azuki,20659,1/12/22
Azuki,7100,1/13/22
Azuki,2638,1/14/22
Azuki,2292,1/15/22
Azuki,1939,1/16/22
Azuki,1697,1/17/22
Azuki,1784,1/18/22
Azuki,3152,1/19/22
Azuki,14897,1/20/22
Azuki,15375,1/21/22
Azuki,6094,1/22/22
Azuki,4354,1/23/22
Azuki,4169,1/24/22
Azuki,4819,1/25/22
Azuki,11017,1/26/22
Azuki,6588,1/27/22
Azuki,4501,1/28/22
Azuki,3207,1/29/22
Azuki,4071,1/30/22
Azuki,4474,1/31/22
Azuki,9176,2/1/22
Azuki,4705,2/2/22
Azuki,3448,2/3/22
Azuki,3379,2/4/22
Azuki,2380,2/5/22
Azuki,1846,2/6/22
Azuki,3544,2/7/22
Azuki,1876,2/8/22
Azuki,1840,2/9/22
Azuki,1832,2/10/22
Azuki,1715,2/11/22
Azuki,1561,2/12/22
Azuki,1892,2/13/22
Azuki,1807,2/14/22
Azuki,2897,2/15/22
Azuki,2274,2/16/22
Azuki,1727,2/17/22
Azuki,1208,2/18/22
Azuki,990,2/19/22
Azuki,1778,2/20/22
Azuki,1017,2/21/22
Azuki,1030,2/22/22
Azuki,1476,2/23/22
Azuki,1772,2/24/22
Azuki,1230,2/25/22
Azuki,1009,2/26/22
Azuki,1006,2/27/22
Azuki,948,2/28/22
Azuki,1081,3/1/22
Azuki,1220,3/2/22
Azuki,1563,3/3/22
Azuki,1255,3/4/22
Azuki,1017,3/5/22
Azuki,899,3/6/22
Azuki,947,3/7/22
Azuki,919,3/8/22
Azuki,756,3/9/22
Azuki,872,3/10/22
Azuki,741,3/11/22
Azuki,671,3/12/22
Azuki,554,3/13/22
Azuki,564,3/14/22
Azuki,596,3/15/22
Azuki,701,3/16/22
Azuki,887,3/17/22
Azuki,2735,3/18/22
Azuki,1324,3/19/22
Azuki,1230,3/20/22
Azuki,1107,3/21/22
Azuki,1257,3/22/22
Azuki,1343,3/23/22
Azuki,3923,3/24/22
Azuki,2052,3/25/22
Azuki,2177,3/26/22
Azuki,1942,3/27/22
Azuki,1379,3/28/22
Azuki,1397,3/29/22
Azuki,1330,3/30/22
Azuki,2116,3/31/22
Azuki,3297,4/1/22
Azuki,2584,4/2/22
Azuki,3544,4/3/22
Azuki,1111,4/4/22
Azuki,972,4/5/22
Azuki,861,4/6/22
Azuki,890,4/7/22
Azuki,733,4/8/22
Azuki,748,4/9/22
Azuki,881,4/10/22
Azuki,959,4/11/22
Azuki,927,4/12/22
Azuki,1674,4/13/22
Azuki,898,4/14/22
Azuki,807,4/15/22
Azuki,711,4/16/22
Azuki,1000,4/17/22
Azuki,1706,4/18/22
Azuki,855,4/19/22
Azuki,1161,4/20/22
Azuki,1196,4/21/22
Azuki,936,4/22/22
Azuki,889,4/23/22
Azuki,677,4/24/22
Azuki,915,4/25/22
Azuki,919,4/26/22
Azuki,689,4/27/22
Azuki,715,4/28/22
Azuki,571,4/29/22
Azuki,743,4/30/22
Azuki,1021,5/1/22
Azuki,1625,5/2/22
Azuki,1190,5/3/22
Azuki,6821,5/4/22
Azuki,840,5/5/22
Azuki,973,5/6/22
Azuki,6515,5/7/22
Azuki,921,5/8/22
Azuki,3119,5/9/22
Azuki,12641,5/10/22
Azuki,8606,5/11/22
Azuki,2643,5/12/22
Azuki,4100,5/13/22
Azuki,1864,5/14/22
Azuki,1589,5/15/22
Azuki,1153,5/16/22
Azuki,1026,5/17/22
Azuki,610,5/18/22
Azuki,720,5/19/22
Azuki,523,5/20/22
Azuki,571,5/21/22
Azuki,464,5/22/22
Azuki,404,5/23/22
Azuki,529,5/24/22
Azuki,399,5/25/22
Azuki,883,5/26/22
Azuki,793,5/27/22
Azuki,736,5/28/22
Azuki,503,5/29/22
Azuki,972,5/30/22
Azuki,531,5/31/22
Azuki,490,6/1/22
Azuki,349,6/2/22
Azuki,743,6/3/22
Azuki,332,6/4/22
Azuki,405,6/5/22
Azuki,311,6/6/22
Azuki,325,6/7/22
Azuki,264,6/8/22
Azuki,189,6/9/22
Azuki,463,6/10/22
Azuki,448,6/11/22
Azuki,502,6/12/22
Azuki,959,6/13/22
Azuki,520,6/14/22
Azuki,593,6/15/22
Azuki,584,6/16/22
Azuki,774,6/17/22
Bored Ape Yacht Club,1534,1/1/22
Bored Ape Yacht Club,1323,1/2/22
Bored Ape Yacht Club,1311,1/3/22
Bored Ape Yacht Club,898,1/4/22
Bored Ape Yacht Club,953,1/5/22
Bored Ape Yacht Club,737,1/6/22
Bored Ape Yacht Club,680,1/7/22
Bored Ape Yacht Club,652,1/8/22
Bored Ape Yacht Club,902,1/9/22
Bored Ape Yacht Club,871,1/10/22
Bored Ape Yacht Club,705,1/11/22
Bored Ape Yacht Club,624,1/12/22
Bored Ape Yacht Club,677,1/13/22
Bored Ape Yacht Club,597,1/14/22
Bored Ape Yacht Club,923,1/15/22
Bored Ape Yacht Club,741,1/16/22
Bored Ape Yacht Club,638,1/17/22
Bored Ape Yacht Club,601,1/18/22
Bored Ape Yacht Club,614,1/19/22
Bored Ape Yacht Club,673,1/20/22
Bored Ape Yacht Club,780,1/21/22
Bored Ape Yacht Club,605,1/22/22
Bored Ape Yacht Club,517,1/23/22
Bored Ape Yacht Club,843,1/24/22
Bored Ape Yacht Club,1088,1/25/22
Bored Ape Yacht Club,815,1/26/22
Bored Ape Yacht Club,944,1/27/22
Bored Ape Yacht Club,851,1/28/22
Bored Ape Yacht Club,1056,1/29/22
Bored Ape Yacht Club,1191,1/30/22
Bored Ape Yacht Club,1601,1/31/22
Bored Ape Yacht Club,958,2/1/22
Bored Ape Yacht Club,941,2/2/22
Bored Ape Yacht Club,664,2/3/22
Bored Ape Yacht Club,699,2/4/22
Bored Ape Yacht Club,716,2/5/22
Bored Ape Yacht Club,669,2/6/22
Bored Ape Yacht Club,746,2/7/22
Bored Ape Yacht Club,691,2/8/22
Bored Ape Yacht Club,717,2/9/22
Bored Ape Yacht Club,708,2/10/22
Bored Ape Yacht Club,564,2/11/22
Bored Ape Yacht Club,605,2/12/22
Bored Ape Yacht Club,643,2/13/22
Bored Ape Yacht Club,653,2/14/22
Bored Ape Yacht Club,670,2/15/22
Bored Ape Yacht Club,622,2/16/22
Bored Ape Yacht Club,760,2/17/22
Bored Ape Yacht Club,719,2/18/22
Bored Ape Yacht Club,698,2/19/22
Bored Ape Yacht Club,1151,2/20/22
Bored Ape Yacht Club,660,2/21/22
Bored Ape Yacht Club,775,2/22/22
Bored Ape Yacht Club,776,2/23/22
Bored Ape Yacht Club,1073,2/24/22
Bored Ape Yacht Club,974,2/25/22
Bored Ape Yacht Club,771,2/26/22
Bored Ape Yacht Club,737,2/27/22
Bored Ape Yacht Club,648,2/28/22
Bored Ape Yacht Club,740,3/1/22
Bored Ape Yacht Club,738,3/2/22
Bored Ape Yacht Club,681,3/3/22
Bored Ape Yacht Club,696,3/4/22
Bored Ape Yacht Club,601,3/5/22
Bored Ape Yacht Club,599,3/6/22
Bored Ape Yacht Club,917,3/7/22
Bored Ape Yacht Club,1172,3/8/22
Bored Ape Yacht Club,631,3/9/22
Bored Ape Yacht Club,603,3/10/22
Bored Ape Yacht Club,673,3/11/22
Bored Ape Yacht Club,886,3/12/22
Bored Ape Yacht Club,1017,3/13/22
Bored Ape Yacht Club,739,3/14/22
Bored Ape Yacht Club,754,3/15/22
Bored Ape Yacht Club,947,3/16/22
Bored Ape Yacht Club,2712,3/17/22
Bored Ape Yacht Club,1372,3/18/22
Bored Ape Yacht Club,1053,3/19/22
Bored Ape Yacht Club,925,3/20/22
Bored Ape Yacht Club,1686,3/21/22
Bored Ape Yacht Club,713,3/22/22
Bored Ape Yacht Club,669,3/23/22
Bored Ape Yacht Club,825,3/24/22
Bored Ape Yacht Club,705,3/25/22
Bored Ape Yacht Club,605,3/26/22
Bored Ape Yacht Club,746,3/27/22
Bored Ape Yacht Club,1212,3/28/22
Bored Ape Yacht Club,967,3/29/22
Bored Ape Yacht Club,644,3/30/22
Bored Ape Yacht Club,757,3/31/22
Bored Ape Yacht Club,683,4/1/22
Bored Ape Yacht Club,578,4/2/22
Bored Ape Yacht Club,1179,4/3/22
Bored Ape Yacht Club,610,4/4/22
Bored Ape Yacht Club,576,4/5/22
Bored Ape Yacht Club,529,4/6/22
Bored Ape Yacht Club,623,4/7/22
Bored Ape Yacht Club,577,4/8/22
Bored Ape Yacht Club,544,4/9/22
Bored Ape Yacht Club,536,4/10/22
Bored Ape Yacht Club,571,4/11/22
Bored Ape Yacht Club,537,4/12/22
Bored Ape Yacht Club,677,4/13/22
Bored Ape Yacht Club,540,4/14/22
Bored Ape Yacht Club,481,4/15/22
Bored Ape Yacht Club,519,4/16/22
Bored Ape Yacht Club,496,4/17/22
Bored Ape Yacht Club,887,4/18/22
Bored Ape Yacht Club,772,4/19/22
Bored Ape Yacht Club,757,4/20/22
Bored Ape Yacht Club,641,4/21/22
Bored Ape Yacht Club,30,4/22/21
Bored Ape Yacht Club,669,4/22/22
Bored Ape Yacht Club,37,4/23/21
Bored Ape Yacht Club,755,4/23/22
Bored Ape Yacht Club,53,4/24/21
Bored Ape Yacht Club,1122,4/24/22
Bored Ape Yacht Club,9,4/25/21
Bored Ape Yacht Club,1032,4/25/22
Bored Ape Yacht Club,74,4/26/21
Bored Ape Yacht Club,746,4/26/22
Bored Ape Yacht Club,47,4/27/21
Bored Ape Yacht Club,764,4/27/22
Bored Ape Yacht Club,51,4/28/21
Bored Ape Yacht Club,690,4/28/22
Bored Ape Yacht Club,70,4/29/21
Bored Ape Yacht Club,880,4/29/22
Bored Ape Yacht Club,396,4/30/21
Bored Ape Yacht Club,1095,4/30/22
Bored Ape Yacht Club,25870,5/1/21
Bored Ape Yacht Club,2077,5/1/22
Bored Ape Yacht Club,13026,5/2/21
Bored Ape Yacht Club,1433,5/2/22
Bored Ape Yacht Club,20256,5/3/21
Bored Ape Yacht Club,1044,5/3/22
Bored Ape Yacht Club,18240,5/4/21
Bored Ape Yacht Club,1228,5/4/22
Bored Ape Yacht Club,8817,5/5/21
Bored Ape Yacht Club,812,5/5/22
Bored Ape Yacht Club,3911,5/6/21
Bored Ape Yacht Club,880,5/6/22
Bored Ape Yacht Club,2668,5/7/21
Bored Ape Yacht Club,707,5/7/22
Bored Ape Yacht Club,2310,5/8/21
Bored Ape Yacht Club,1134,5/8/22
Bored Ape Yacht Club,2085,5/9/21
Bored Ape Yacht Club,1243,5/9/22
Bored Ape Yacht Club,2329,5/10/21
Bored Ape Yacht Club,928,5/10/22
Bored Ape Yacht Club,1517,5/11/21
Bored Ape Yacht Club,785,5/11/22
Bored Ape Yacht Club,2543,5/12/21
Bored Ape Yacht Club,1261,5/12/22
Bored Ape Yacht Club,2478,5/13/21
Bored Ape Yacht Club,762,5/13/22
Bored Ape Yacht Club,2129,5/14/21
Bored Ape Yacht Club,895,5/14/22
Bored Ape Yacht Club,2103,5/15/21
Bored Ape Yacht Club,456,5/15/22
Bored Ape Yacht Club,1680,5/16/21
Bored Ape Yacht Club,623,5/16/22
Bored Ape Yacht Club,2652,5/17/21
Bored Ape Yacht Club,1620,5/17/22
Bored Ape Yacht Club,1781,5/18/21
Bored Ape Yacht Club,1726,5/18/22
Bored Ape Yacht Club,1722,5/19/21
Bored Ape Yacht Club,1886,5/19/22
Bored Ape Yacht Club,1077,5/20/21
Bored Ape Yacht Club,2847,5/20/22
Bored Ape Yacht Club,2331,5/21/21
Bored Ape Yacht Club,943,5/21/22
Bored Ape Yacht Club,2604,5/22/21
Bored Ape Yacht Club,1826,5/22/22
Bored Ape Yacht Club,2103,5/23/21
Bored Ape Yacht Club,465,5/23/22
Bored Ape Yacht Club,2423,5/24/21
Bored Ape Yacht Club,2894,5/24/22
Bored Ape Yacht Club,2816,5/25/21
Bored Ape Yacht Club,1370,5/25/22
Bored Ape Yacht Club,2175,5/26/21
Bored Ape Yacht Club,1822,5/26/22
Bored Ape Yacht Club,1934,5/27/21
Bored Ape Yacht Club,592,5/27/22
Bored Ape Yacht Club,1351,5/28/21
Bored Ape Yacht Club,492,5/28/22
Bored Ape Yacht Club,1352,5/29/21
Bored Ape Yacht Club,2289,5/29/22
Bored Ape Yacht Club,3505,5/30/21
Bored Ape Yacht Club,2319,5/30/22
Bored Ape Yacht Club,4789,5/31/21
Bored Ape Yacht Club,1878,5/31/22
Bored Ape Yacht Club,5740,6/1/21
Bored Ape Yacht Club,3753,6/1/22
Bored Ape Yacht Club,8490,6/2/21
Bored Ape Yacht Club,986,6/2/22
Bored Ape Yacht Club,6553,6/3/21
Bored Ape Yacht Club,2211,6/3/22
Bored Ape Yacht Club,4159,6/4/21
Bored Ape Yacht Club,633,6/4/22
Bored Ape Yacht Club,4415,6/5/21
Bored Ape Yacht Club,3311,6/5/22
Bored Ape Yacht Club,4010,6/6/21
Bored Ape Yacht Club,2463,6/6/22
Bored Ape Yacht Club,6882,6/7/21
Bored Ape Yacht Club,2199,6/7/22
Bored Ape Yacht Club,6178,6/8/21
Bored Ape Yacht Club,2585,6/8/22
Bored Ape Yacht Club,4351,6/9/21
Bored Ape Yacht Club,5691,6/9/22
Bored Ape Yacht Club,2844,6/10/21
Bored Ape Yacht Club,622,6/10/22
Bored Ape Yacht Club,2046,6/11/21
Bored Ape Yacht Club,422,6/11/22
Bored Ape Yacht Club,2114,6/12/21
Bored Ape Yacht Club,378,6/12/22
Bored Ape Yacht Club,2219,6/13/21
Bored Ape Yacht Club,1580,6/13/22
Bored Ape Yacht Club,2209,6/14/21
Bored Ape Yacht Club,1259,6/14/22
Bored Ape Yacht Club,2707,6/15/21
Bored Ape Yacht Club,1173,6/15/22
Bored Ape Yacht Club,2451,6/16/21
Bored Ape Yacht Club,965,6/16/22
Bored Ape Yacht Club,2789,6/17/21
Bored Ape Yacht Club,830,6/17/22
Bored Ape Yacht Club,3067,6/18/21
Bored Ape Yacht Club,507,6/18/22
Bored Ape Yacht Club,4339,6/19/21
Bored Ape Yacht Club,5238,6/20/21
Bored Ape Yacht Club,5098,6/21/21
Bored Ape Yacht Club,3067,6/22/21
Bored Ape Yacht Club,3406,6/23/21
Bored Ape Yacht Club,3314,6/24/21
Bored Ape Yacht Club,2826,6/25/21
Bored Ape Yacht Club,2547,6/26/21
Bored Ape Yacht Club,2271,6/27/21
Bored Ape Yacht Club,2168,6/28/21
Bored Ape Yacht Club,2328,6/29/21
Bored Ape Yacht Club,1867,6/30/21
Bored Ape Yacht Club,1379,7/1/21
Bored Ape Yacht Club,1022,7/2/21
Bored Ape Yacht Club,1441,7/3/21
Bored Ape Yacht Club,2122,7/4/21
Bored Ape Yacht Club,1771,7/5/21
Bored Ape Yacht Club,1662,7/6/21
Bored Ape Yacht Club,1594,7/7/21
Bored Ape Yacht Club,1783,7/8/21
Bored Ape Yacht Club,1833,7/9/21
Bored Ape Yacht Club,1498,7/10/21
Bored Ape Yacht Club,2073,7/11/21
Bored Ape Yacht Club,2154,7/12/21
Bored Ape Yacht Club,2258,7/13/21
Bored Ape Yacht Club,2338,7/14/21
Bored Ape Yacht Club,3188,7/15/21
Bored Ape Yacht Club,3685,7/16/21
Bored Ape Yacht Club,4093,7/17/21
Bored Ape Yacht Club,2906,7/18/21
Bored Ape Yacht Club,1897,7/19/21
Bored Ape Yacht Club,2311,7/20/21
Bored Ape Yacht Club,1788,7/21/21
Bored Ape Yacht Club,1646,7/22/21
Bored Ape Yacht Club,1373,7/23/21
Bored Ape Yacht Club,1976,7/24/21
Bored Ape Yacht Club,2168,7/25/21
Bored Ape Yacht Club,1739,7/26/21
Bored Ape Yacht Club,1435,7/27/21
Bored Ape Yacht Club,1459,7/28/21
Bored Ape Yacht Club,1361,7/29/21
Bored Ape Yacht Club,1429,7/30/21
Bored Ape Yacht Club,1935,7/31/21
Bored Ape Yacht Club,4018,8/1/21
Bored Ape Yacht Club,1975,8/2/21
Bored Ape Yacht Club,2974,8/3/21
Bored Ape Yacht Club,6348,8/4/21
Bored Ape Yacht Club,3402,8/5/21
Bored Ape Yacht Club,3038,8/6/21
Bored Ape Yacht Club,2675,8/7/21
Bored Ape Yacht Club,2739,8/8/21
Bored Ape Yacht Club,2320,8/9/21
Bored Ape Yacht Club,2185,8/10/21
Bored Ape Yacht Club,2217,8/11/21
Bored Ape Yacht Club,1499,8/12/21
Bored Ape Yacht Club,1587,8/13/21
Bored Ape Yacht Club,1575,8/14/21
Bored Ape Yacht Club,1497,8/15/21
Bored Ape Yacht Club,1241,8/16/21
Bored Ape Yacht Club,1537,8/17/21
Bored Ape Yacht Club,1066,8/18/21
Bored Ape Yacht Club,995,8/19/21
Bored Ape Yacht Club,2394,8/20/21
Bored Ape Yacht Club,3614,8/21/21
Bored Ape Yacht Club,1663,8/22/21
Bored Ape Yacht Club,3055,8/23/21
Bored Ape Yacht Club,2723,8/24/21
Bored Ape Yacht Club,1965,8/25/21
Bored Ape Yacht Club,1695,8/26/21
Bored Ape Yacht Club,1792,8/27/21
Bored Ape Yacht Club,4186,8/28/21
Bored Ape Yacht Club,2543,8/29/21
Bored Ape Yacht Club,1652,8/30/21
Bored Ape Yacht Club,1448,8/31/21
Bored Ape Yacht Club,1936,9/1/21
Bored Ape Yacht Club,1439,9/2/21
Bored Ape Yacht Club,1311,9/3/21
Bored Ape Yacht Club,1178,9/4/21
Bored Ape Yacht Club,1975,9/5/21
Bored Ape Yacht Club,1222,9/6/21
Bored Ape Yacht Club,1322,9/7/21
Bored Ape Yacht Club,930,9/8/21
Bored Ape Yacht Club,1163,9/9/21
Bored Ape Yacht Club,1569,9/10/21
Bored Ape Yacht Club,956,9/11/21
Bored Ape Yacht Club,783,9/12/21
Bored Ape Yacht Club,893,9/13/21
Bored Ape Yacht Club,998,9/14/21
Bored Ape Yacht Club,1356,9/15/21
Bored Ape Yacht Club,1308,9/16/21
Bored Ape Yacht Club,961,9/17/21
Bored Ape Yacht Club,938,9/18/21
Bored Ape Yacht Club,755,9/19/21
Bored Ape Yacht Club,819,9/20/21
Bored Ape Yacht Club,892,9/21/21
Bored Ape Yacht Club,925,9/22/21
Bored Ape Yacht Club,781,9/23/21
Bored Ape Yacht Club,743,9/24/21
Bored Ape Yacht Club,761,9/25/21
Bored Ape Yacht Club,885,9/26/21
Bored Ape Yacht Club,774,9/27/21
Bored Ape Yacht Club,791,9/28/21
Bored Ape Yacht Club,791,9/29/21
Bored Ape Yacht Club,848,9/30/21
Bored Ape Yacht Club,894,10/1/21
Bored Ape Yacht Club,823,10/2/21
Bored Ape Yacht Club,871,10/3/21
Bored Ape Yacht Club,837,10/4/21
Bored Ape Yacht Club,837,10/5/21
Bored Ape Yacht Club,806,10/6/21
Bored Ape Yacht Club,802,10/7/21
Bored Ape Yacht Club,958,10/8/21
Bored Ape Yacht Club,767,10/9/21
Bored Ape Yacht Club,828,10/10/21
Bored Ape Yacht Club,772,10/11/21
Bored Ape Yacht Club,734,10/12/21
Bored Ape Yacht Club,722,10/13/21
Bored Ape Yacht Club,769,10/14/21
Bored Ape Yacht Club,751,10/15/21
Bored Ape Yacht Club,664,10/16/21
Bored Ape Yacht Club,644,10/17/21
Bored Ape Yacht Club,714,10/18/21
Bored Ape Yacht Club,710,10/19/21
Bored Ape Yacht Club,920,10/20/21
Bored Ape Yacht Club,976,10/21/21
Bored Ape Yacht Club,686,10/22/21
Bored Ape Yacht Club,800,10/23/21
Bored Ape Yacht Club,617,10/24/21
Bored Ape Yacht Club,746,10/25/21
Bored Ape Yacht Club,706,10/26/21
Bored Ape Yacht Club,643,10/27/21
Bored Ape Yacht Club,667,10/28/21
Bored Ape Yacht Club,705,10/29/21
Bored Ape Yacht Club,664,10/30/21
Bored Ape Yacht Club,617,10/31/21
Bored Ape Yacht Club,631,11/1/21
Bored Ape Yacht Club,641,11/2/21
Bored Ape Yacht Club,739,11/3/21
Bored Ape Yacht Club,633,11/4/21
Bored Ape Yacht Club,607,11/5/21
Bored Ape Yacht Club,666,11/6/21
Bored Ape Yacht Club,641,11/7/21
Bored Ape Yacht Club,779,11/8/21
Bored Ape Yacht Club,756,11/9/21
Bored Ape Yacht Club,701,11/10/21
Bored Ape Yacht Club,675,11/11/21
Bored Ape Yacht Club,843,11/12/21
Bored Ape Yacht Club,1425,11/13/21
Bored Ape Yacht Club,1183,11/14/21
Bored Ape Yacht Club,1191,11/15/21
Bored Ape Yacht Club,1426,11/16/21
Bored Ape Yacht Club,1184,11/17/21
Bored Ape Yacht Club,993,11/18/21
Bored Ape Yacht Club,903,11/19/21
Bored Ape Yacht Club,916,11/20/21
Bored Ape Yacht Club,757,11/21/21
Bored Ape Yacht Club,598,11/22/21
Bored Ape Yacht Club,496,11/23/21
Bored Ape Yacht Club,556,11/24/21
Bored Ape Yacht Club,596,11/25/21
Bored Ape Yacht Club,547,11/26/21
Bored Ape Yacht Club,516,11/27/21
Bored Ape Yacht Club,541,11/28/21
Bored Ape Yacht Club,751,11/29/21
Bored Ape Yacht Club,663,11/30/21
Bored Ape Yacht Club,780,12/1/21
Bored Ape Yacht Club,751,12/2/21
Bored Ape Yacht Club,940,12/3/21
Bored Ape Yacht Club,820,12/4/21
Bored Ape Yacht Club,720,12/5/21
Bored Ape Yacht Club,1209,12/6/21
Bored Ape Yacht Club,754,12/7/21
Bored Ape Yacht Club,898,12/8/21
Bored Ape Yacht Club,896,12/9/21
Bored Ape Yacht Club,817,12/10/21
Bored Ape Yacht Club,913,12/11/21
Bored Ape Yacht Club,835,12/12/21
Bored Ape Yacht Club,756,12/13/21
Bored Ape Yacht Club,800,12/14/21
Bored Ape Yacht Club,794,12/15/21
Bored Ape Yacht Club,859,12/16/21
Bored Ape Yacht Club,809,12/17/21
Bored Ape Yacht Club,660,12/18/21
Bored Ape Yacht Club,499,12/19/21
Bored Ape Yacht Club,526,12/20/21
Bored Ape Yacht Club,496,12/21/21
Bored Ape Yacht Club,607,12/22/21
Bored Ape Yacht Club,642,12/23/21
Bored Ape Yacht Club,644,12/24/21
Bored Ape Yacht Club,527,12/25/21
Bored Ape Yacht Club,882,12/26/21
Bored Ape Yacht Club,718,12/27/21
Bored Ape Yacht Club,656,12/28/21
Bored Ape Yacht Club,653,12/29/21
Bored Ape Yacht Club,675,12/30/21
Bored Ape Yacht Club,712,12/31/21
Crypto Coven,541,1/1/22
Crypto Coven,671,1/2/22
Crypto Coven,1000,1/3/22
Crypto Coven,770,1/4/22
Crypto Coven,627,1/5/22
Crypto Coven,553,1/6/22
Crypto Coven,501,1/7/22
Crypto Coven,545,1/8/22
Crypto Coven,1100,1/9/22
Crypto Coven,767,1/10/22
Crypto Coven,1291,1/11/22
Crypto Coven,1164,1/12/22
Crypto Coven,1187,1/13/22
Crypto Coven,1192,1/14/22
Crypto Coven,964,1/15/22
Crypto Coven,834,1/16/22
Crypto Coven,1949,1/17/22
Crypto Coven,1496,1/18/22
Crypto Coven,2187,1/19/22
Crypto Coven,4699,1/20/22
Crypto Coven,2198,1/21/22
Crypto Coven,2126,1/22/22
Crypto Coven,2171,1/23/22
Crypto Coven,2186,1/24/22
Crypto Coven,3506,1/25/22
Crypto Coven,2756,1/26/22
Crypto Coven,2262,1/27/22
Crypto Coven,2007,1/28/22
Crypto Coven,1215,1/29/22
Crypto Coven,1438,1/30/22
Crypto Coven,1334,1/31/22
Crypto Coven,1324,2/1/22
Crypto Coven,1195,2/2/22
Crypto Coven,1544,2/3/22
Crypto Coven,1675,2/4/22
Crypto Coven,1522,2/5/22
Crypto Coven,1328,2/6/22
Crypto Coven,992,2/7/22
Crypto Coven,1185,2/8/22
Crypto Coven,1526,2/9/22
Crypto Coven,1110,2/10/22
Crypto Coven,1247,2/11/22
Crypto Coven,571,2/12/22
Crypto Coven,600,2/13/22
Crypto Coven,606,2/14/22
Crypto Coven,839,2/15/22
Crypto Coven,1056,2/16/22
Crypto Coven,870,2/17/22
Crypto Coven,736,2/18/22
Crypto Coven,714,2/19/22
Crypto Coven,537,2/20/22
Crypto Coven,661,2/21/22
Crypto Coven,800,2/22/22
Crypto Coven,913,2/23/22
Crypto Coven,749,2/24/22
Crypto Coven,520,2/25/22
Crypto Coven,499,2/26/22
Crypto Coven,390,2/27/22
Crypto Coven,410,2/28/22
Crypto Coven,555,3/1/22
Crypto Coven,571,3/2/22
Crypto Coven,734,3/3/22
Crypto Coven,858,3/4/22
Crypto Coven,675,3/5/22
Crypto Coven,649,3/6/22
Crypto Coven,855,3/7/22
Crypto Coven,732,3/8/22
Crypto Coven,593,3/9/22
Crypto Coven,645,3/10/22
Crypto Coven,578,3/11/22
Crypto Coven,594,3/12/22
Crypto Coven,623,3/13/22
Crypto Coven,652,3/14/22
Crypto Coven,946,3/15/22
Crypto Coven,705,3/16/22
Crypto Coven,618,3/17/22
Crypto Coven,583,3/18/22
Crypto Coven,604,3/19/22
Crypto Coven,535,3/20/22
Crypto Coven,586,3/21/22
Crypto Coven,627,3/22/22
Crypto Coven,603,3/23/22
Crypto Coven,583,3/24/22
Crypto Coven,684,3/25/22
Crypto Coven,657,3/26/22
Crypto Coven,727,3/27/22
Crypto Coven,810,3/28/22
Crypto Coven,766,3/29/22
Crypto Coven,583,3/30/22
Crypto Coven,709,3/31/22
Crypto Coven,639,4/1/22
Crypto Coven,621,4/2/22
Crypto Coven,659,4/3/22
Crypto Coven,663,4/4/22
Crypto Coven,583,4/5/22
Crypto Coven,538,4/6/22
Crypto Coven,635,4/7/22
Crypto Coven,721,4/8/22
Crypto Coven,631,4/9/22
Crypto Coven,539,4/10/22
Crypto Coven,595,4/11/22
Crypto Coven,515,4/12/22
Crypto Coven,515,4/13/22
Crypto Coven,511,4/14/22
Crypto Coven,579,4/15/22
Crypto Coven,503,4/16/22
Crypto Coven,510,4/17/22
Crypto Coven,629,4/18/22
Crypto Coven,588,4/19/22
Crypto Coven,560,4/20/22
Crypto Coven,628,4/21/22
Crypto Coven,526,4/22/22
Crypto Coven,516,4/23/22
Crypto Coven,530,4/24/22
Crypto Coven,436,4/25/22
Crypto Coven,413,4/26/22
Crypto Coven,402,4/27/22
Crypto Coven,380,4/28/22
Crypto Coven,361,4/29/22
Crypto Coven,329,4/30/22
Crypto Coven,274,5/1/22
Crypto Coven,314,5/2/22
Crypto Coven,318,5/3/22
Crypto Coven,330,5/4/22
Crypto Coven,333,5/5/22
Crypto Coven,372,5/6/22
Crypto Coven,436,5/7/22
Crypto Coven,620,5/8/22
Crypto Coven,417,5/9/22
Crypto Coven,414,5/10/22
Crypto Coven,366,5/11/22
Crypto Coven,350,5/12/22
Crypto Coven,312,5/13/22
Crypto Coven,382,5/14/22
Crypto Coven,368,5/15/22
Crypto Coven,298,5/16/22
Crypto Coven,331,5/17/22
Crypto Coven,345,5/18/22
Crypto Coven,321,5/19/22
Crypto Coven,302,5/20/22
Crypto Coven,318,5/21/22
Crypto Coven,205,5/22/22
Crypto Coven,395,5/23/22
Crypto Coven,318,5/24/22
Crypto Coven,307,5/25/22
Crypto Coven,315,5/26/22
Crypto Coven,359,5/27/22
Crypto Coven,361,5/28/22
Crypto Coven,296,5/29/22
Crypto Coven,328,5/30/22
Crypto Coven,346,5/31/22
Crypto Coven,311,6/1/22
Crypto Coven,323,6/2/22
Crypto Coven,307,6/3/22
Crypto Coven,345,6/4/22
Crypto Coven,267,6/5/22
Crypto Coven,320,6/6/22
Crypto Coven,301,6/7/22
Crypto Coven,268,6/8/22
Crypto Coven,282,6/9/22
Crypto Coven,376,6/10/22
Crypto Coven,330,6/11/22
Crypto Coven,125,6/12/22
Crypto Coven,100,6/13/22
Crypto Coven,126,6/14/22
Crypto Coven,126,6/15/22
Crypto Coven,164,6/16/22
Crypto Coven,179,6/17/22
Crypto Coven,56,6/18/22
Crypto Coven,189,11/4/21
Crypto Coven,61,11/5/21
Crypto Coven,13,11/6/21
Crypto Coven,104,11/7/21
Crypto Coven,89,11/8/21
Crypto Coven,97,11/9/21
Crypto Coven,94,11/10/21
Crypto Coven,10,11/11/21
Crypto Coven,90,11/12/21
Crypto Coven,10,11/13/21
Crypto Coven,67,11/14/21
Crypto Coven,20,11/15/21
Crypto Coven,106,11/16/21
Crypto Coven,9,11/17/21
Crypto Coven,1,11/18/21
Crypto Coven,3,11/19/21
Crypto Coven,105,11/20/21
Crypto Coven,67,11/21/21
Crypto Coven,6,11/22/21
Crypto Coven,403,11/23/21
Crypto Coven,108,11/24/21
Crypto Coven,8,11/25/21
Crypto Coven,17,11/26/21
Crypto Coven,23,11/27/21
Crypto Coven,309,11/28/21
Crypto Coven,250,11/29/21
Crypto Coven,3287,11/30/21
Crypto Coven,452,12/1/21
Crypto Coven,447,12/2/21
Crypto Coven,647,12/3/21
Crypto Coven,2123,12/4/21
Crypto Coven,725,12/5/21
Crypto Coven,1106,12/6/21
Crypto Coven,1361,12/7/21
Crypto Coven,759,12/8/21
Crypto Coven,408,12/9/21
Crypto Coven,1254,12/10/21
Crypto Coven,3094,12/11/21
Crypto Coven,6177,12/12/21
Crypto Coven,2780,12/13/21
Crypto Coven,2894,12/14/21
Crypto Coven,2505,12/15/21
Crypto Coven,1911,12/16/21
Crypto Coven,1237,12/17/21
Crypto Coven,1080,12/18/21
Crypto Coven,913,12/19/21
Crypto Coven,811,12/20/21
Crypto Coven,854,12/21/21
Crypto Coven,666,12/22/21
Crypto Coven,620,12/23/21
Crypto Coven,608,12/24/21
Crypto Coven,523,12/25/21
Crypto Coven,294,12/26/21
Crypto Coven,734,12/27/21
Crypto Coven,619,12/28/21
Crypto Coven,512,12/29/21
Crypto Coven,500,12/30/21
Crypto Coven,442,12/31/21
mfers,865,1/1/22
mfers,1529,1/2/22
mfers,1145,1/3/22
mfers,1074,1/4/22
mfers,1944,1/5/22
mfers,1165,1/6/22
mfers,1340,1/7/22
mfers,1062,1/8/22
mfers,1652,1/9/22
mfers,1307,1/10/22
mfers,1004,1/11/22
mfers,948,1/12/22
mfers,978,1/13/22
mfers,1065,1/14/22
mfers,1046,1/15/22
mfers,992,1/16/22
mfers,1913,1/17/22
mfers,2739,1/18/22
mfers,1104,1/19/22
mfers,944,1/20/22
mfers,807,1/21/22
mfers,813,1/22/22
mfers,1145,1/23/22
mfers,1020,1/24/22
mfers,964,1/25/22
mfers,987,1/26/22
mfers,868,1/27/22
mfers,984,1/28/22
mfers,894,1/29/22
mfers,957,1/30/22
mfers,1166,1/31/22
mfers,3555,2/1/22
mfers,1737,2/2/22
mfers,1217,2/3/22
mfers,1111,2/4/22
mfers,1010,2/5/22
mfers,2456,2/6/22
mfers,3752,2/7/22
mfers,1777,2/8/22
mfers,1551,2/9/22
mfers,1718,2/10/22
mfers,3771,2/11/22
mfers,2107,2/12/22
mfers,5229,2/13/22
mfers,2303,2/14/22
mfers,2132,2/15/22
mfers,2971,2/16/22
mfers,2980,2/17/22
mfers,1935,2/18/22
mfers,1967,2/19/22
mfers,4119,2/20/22
mfers,3970,2/21/22
mfers,2863,2/22/22
mfers,2564,2/23/22
mfers,2866,2/24/22
mfers,1855,2/25/22
mfers,1713,2/26/22
mfers,1770,2/27/22
mfers,1495,2/28/22
mfers,1631,3/1/22
mfers,1520,3/2/22
mfers,1837,3/3/22
mfers,1610,3/4/22
mfers,1079,3/5/22
mfers,1422,3/6/22
mfers,1658,3/7/22
mfers,1183,3/8/22
mfers,1188,3/9/22
mfers,986,3/10/22
mfers,1404,3/11/22
mfers,1498,3/12/22
mfers,1707,3/13/22
mfers,1469,3/14/22
mfers,1507,3/15/22
mfers,1528,3/16/22
mfers,1229,3/17/22
mfers,1620,3/18/22
mfers,1344,3/19/22
mfers,1431,3/20/22
mfers,1298,3/21/22
mfers,1374,3/22/22
mfers,1404,3/23/22
mfers,1437,3/24/22
mfers,1384,3/25/22
mfers,1338,3/26/22
mfers,1227,3/27/22
mfers,1340,3/28/22
mfers,1258,3/29/22
mfers,889,3/30/22
mfers,932,3/31/22
mfers,898,4/1/22
mfers,1000,4/2/22
mfers,2726,4/3/22
mfers,2097,4/4/22
mfers,1301,4/5/22
mfers,1049,4/6/22
mfers,997,4/7/22
mfers,956,4/8/22
mfers,956,4/9/22
mfers,817,4/10/22
mfers,887,4/11/22
mfers,828,4/12/22
mfers,872,4/13/22
mfers,848,4/14/22
mfers,841,4/15/22
mfers,830,4/16/22
mfers,862,4/17/22
mfers,1048,4/18/22
mfers,881,4/19/22
mfers,1000,4/20/22
mfers,1673,4/21/22
mfers,1024,4/22/22
mfers,4083,4/23/22
mfers,1069,4/24/22
mfers,933,4/25/22
mfers,1098,4/26/22
mfers,797,4/27/22
mfers,767,4/28/22
mfers,1194,4/29/22
mfers,749,4/30/22
mfers,801,5/1/22
mfers,777,5/2/22
mfers,731,5/3/22
mfers,806,5/4/22
mfers,756,5/5/22
mfers,905,5/6/22
mfers,756,5/7/22
mfers,860,5/8/22
mfers,914,5/9/22
mfers,877,5/10/22
mfers,845,5/11/22
mfers,919,5/12/22
mfers,1590,5/13/22
mfers,1015,5/14/22
mfers,753,5/15/22
mfers,685,5/16/22
mfers,713,5/17/22
mfers,764,5/18/22
mfers,849,5/19/22
mfers,701,5/20/22
mfers,671,5/21/22
mfers,710,5/22/22
mfers,625,5/23/22
mfers,594,5/24/22
mfers,657,5/25/22
mfers,695,5/26/22
mfers,657,5/27/22
mfers,736,5/28/22
mfers,680,5/29/22
mfers,641,5/30/22
mfers,843,5/31/22
mfers,794,6/1/22
mfers,917,6/2/22
mfers,937,6/3/22
mfers,1542,6/4/22
mfers,726,6/5/22
mfers,1028,6/6/22
mfers,880,6/7/22
mfers,660,6/8/22
mfers,2191,6/9/22
mfers,1543,6/10/22
mfers,391,6/11/22
mfers,1970,6/12/22
mfers,913,6/13/22
mfers,826,6/14/22
mfers,1289,6/15/22
mfers,1028,6/16/22
mfers,38,6/17/22
mfers,24844,11/30/21
mfers,7840,12/1/21
mfers,4903,12/2/21
mfers,2419,12/3/21
mfers,2240,12/4/21
mfers,1663,12/5/21
mfers,1764,12/6/21
mfers,1707,12/7/21
mfers,1455,12/8/21
mfers,1267,12/9/21
mfers,1009,12/10/21
mfers,1075,12/11/21
mfers,1013,12/12/21
mfers,1009,12/13/21
mfers,820,12/14/21
mfers,829,12/15/21
mfers,814,12/16/21
mfers,764,12/17/21
mfers,418,12/18/21
mfers,882,12/19/21
mfers,816,12/20/21
mfers,769,12/21/21
mfers,1115,12/22/21
mfers,1886,12/23/21
mfers,873,12/24/21
mfers,675,12/25/21
mfers,692,12/26/21
mfers,509,12/27/21
mfers,601,12/28/21
mfers,931,12/29/21
mfers,812,12/30/21
mfers,1143,12/31/21